timestamp,node,socket,core,temperature,frequency,cpu_usage,cpu_power,cpu_energy
2026-07-17 12:40:01,gpu45,0,0,29.0,1431.4029894833807,0.02,53.8253,87885.0606689453
2026-07-17 12:40:01,gpu45,0,1,28.0,1431.9815747277005,0.0,53.8253,87885.0606689453
2026-07-17 12:40:01,gpu45,0,2,29.0,1428.3409318057807,0.0,53.8253,87885.0606689453
2026-07-17 12:40:01,gpu45,0,3,26.0,1423.6008882630313,0.0,53.8253,87885.0606689453
2026-07-17 12:40:01,gpu45,0,4,26.0,1419.0493756971814,0.0,53.8253,87885.0606689453
2026-07-17 12:40:01,gpu45,0,5,27.0,1417.4704146366894,0.0,53.8253,87885.0606689453
2026-07-17 12:40:01,gpu45,0,6,28.0,1417.611383207094,0.0,53.8253,87885.0606689453
2026-07-17 12:40:01,gpu45,0,7,26.0,1421.7781278162013,0.0,53.8253,87885.0606689453
2026-07-17 12:40:01,gpu45,0,8,26.0,1415.4728773946065,0.99,53.8253,87885.0606689453
2026-07-17 12:40:01,gpu45,0,9,26.0,1419.950784528211,0.0,53.8253,87885.0606689453
2026-07-17 12:40:01,gpu45,0,10,29.0,1415.4285999861397,0.0,53.8253,87885.0606689453
2026-07-17 12:40:01,gpu45,0,11,28.0,1417.250419795354,0.0,53.8253,87885.0606689453
2026-07-17 12:40:01,gpu45,0,12,27.0,1418.4514149682325,0.0,53.8253,87885.0606689453
2026-07-17 12:40:01,gpu45,0,13,26.0,1412.6493063894352,0.0,53.8253,87885.0606689453
2026-07-17 12:40:01,gpu45,0,14,26.0,1417.4141643815474,0.0,53.8253,87885.0606689453
2026-07-17 12:40:01,gpu45,0,15,28.0,1417.482962976066,0.0,53.8253,87885.0606689453
2026-07-17 12:40:01,gpu45,0,16,27.0,1417.7502495928982,0.0,53.8253,87885.0606689453
2026-07-17 12:40:01,gpu45,0,17,28.0,1417.01124673132,0.0,53.8253,87885.0606689453
2026-07-17 12:40:01,gpu45,0,18,28.0,1418.413903407698,0.0,53.8253,87885.0606689453
2026-07-17 12:40:01,gpu45,0,19,25.0,1417.008659888172,0.0,53.8253,87885.0606689453
2026-07-17 12:40:01,gpu45,0,20,26.0,1422.5796828298955,0.0,53.8253,87885.0606689453
2026-07-17 12:40:01,gpu45,0,21,26.0,1419.5545832416974,0.0,53.8253,87885.0606689453
2026-07-17 12:40:01,gpu45,0,22,28.0,1416.0655693348049,0.0,53.8253,87885.0606689453
2026-07-17 12:40:01,gpu45,0,23,30.0,1418.7827724655976,0.0,53.8253,87885.0606689453
2026-07-17 12:40:01,gpu45,1,0,31.0,1452.9004331126862,0.0,64.7371,227022.94311523438
2026-07-17 12:40:01,gpu45,1,1,30.0,1457.0336400856982,0.0,64.7371,227022.94311523438
2026-07-17 12:40:01,gpu45,1,2,31.0,1452.8271597667735,0.0,64.7371,227022.94311523438
2026-07-17 12:40:01,gpu45,1,3,28.0,1454.20214288345,0.0,64.7371,227022.94311523438
2026-07-17 12:40:01,gpu45,1,4,30.0,1458.2859569775874,0.0,64.7371,227022.94311523438
2026-07-17 12:40:01,gpu45,1,5,30.0,1456.0560789653887,0.0,64.7371,227022.94311523438
2026-07-17 12:40:01,gpu45,1,6,30.0,1452.6628451336665,0.0,64.7371,227022.94311523438
2026-07-17 12:40:01,gpu45,1,7,28.0,1455.6524984252637,0.0,64.7371,227022.94311523438
2026-07-17 12:40:01,gpu45,1,8,29.0,1451.5968208058828,0.0,64.7371,227022.94311523438
2026-07-17 12:40:01,gpu45,1,9,31.0,1453.5916223451027,0.0,64.7371,227022.94311523438
2026-07-17 12:40:01,gpu45,1,10,29.0,1452.3236917004722,0.0,64.7371,227022.94311523438
2026-07-17 12:40:01,gpu45,1,11,30.0,1452.7326962787665,0.0,64.7371,227022.94311523438
2026-07-17 12:40:01,gpu45,1,12,30.0,1450.6543671757172,0.0,64.7371,227022.94311523438
2026-07-17 12:40:01,gpu45,1,13,27.0,1453.960591807087,0.0,64.7371,227022.94311523438
2026-07-17 12:40:01,gpu45,1,14,30.0,1452.821429200576,0.0,64.7371,227022.94311523438
2026-07-17 12:40:01,gpu45,1,15,31.0,1453.5522499917543,0.0,64.7371,227022.94311523438
2026-07-17 12:40:01,gpu45,1,16,30.0,1453.4831380354567,0.0,64.7371,227022.94311523438
2026-07-17 12:40:01,gpu45,1,17,27.0,1453.4400362780143,0.0,64.7371,227022.94311523438
2026-07-17 12:40:01,gpu45,1,18,30.0,1455.0039493015076,0.0,64.7371,227022.94311523438
2026-07-17 12:40:01,gpu45,1,19,27.0,1454.106891283594,0.0,64.7371,227022.94311523438
2026-07-17 12:40:01,gpu45,1,20,28.0,1453.295417430633,0.0,64.7371,227022.94311523438
2026-07-17 12:40:01,gpu45,1,21,29.0,1454.5308270800535,0.0,64.7371,227022.94311523438
2026-07-17 12:40:01,gpu45,1,22,30.0,1451.3902226475784,0.0,64.7371,227022.94311523438
2026-07-17 12:40:01,gpu45,1,23,30.0,1453.347479545283,0.0,64.7371,227022.94311523438
2026-07-17 12:45:01,gpu45,0,0,29.0,1431.4007189714448,0.0,53.5638,103970.2607421875
2026-07-17 12:45:01,gpu45,0,1,27.0,1431.9794392187905,0.0,53.5638,103970.2607421875
2026-07-17 12:45:01,gpu45,0,2,28.0,1428.338796007281,0.0,53.5638,103970.2607421875
2026-07-17 12:45:01,gpu45,0,3,25.0,1423.5986800326323,0.0,53.5638,103970.2607421875
2026-07-17 12:45:01,gpu45,0,4,25.0,1419.0472007263827,0.0,53.5638,103970.2607421875
2026-07-17 12:45:01,gpu45,0,5,26.0,1417.4682294072377,0.0,53.5638,103970.2607421875
2026-07-17 12:45:01,gpu45,0,6,27.0,1417.6091755928014,0.0,53.5638,103970.2607421875
2026-07-17 12:45:01,gpu45,0,7,25.0,1421.7755402842906,0.0,53.5638,103970.2607421875
2026-07-17 12:45:01,gpu45,0,8,25.0,1415.4706849531667,0.0,53.5638,103970.2607421875
2026-07-17 12:45:01,gpu45,0,9,25.0,1419.9486066203945,0.0,53.5638,103970.2607421875
2026-07-17 12:45:01,gpu45,0,10,28.0,1415.426396753888,0.0,53.5638,103970.2607421875
2026-07-17 12:45:01,gpu45,0,11,27.0,1417.2482057468312,0.0,53.5638,103970.2607421875
2026-07-17 12:45:01,gpu45,0,12,26.0,1418.4492060893056,0.0,53.5638,103970.2607421875
2026-07-17 12:45:01,gpu45,0,13,25.0,1412.6470713406586,0.0,53.5638,103970.2607421875
2026-07-17 12:45:01,gpu45,0,14,25.0,1417.411989100591,0.0,53.5638,103970.2607421875
2026-07-17 12:45:01,gpu45,0,15,27.0,1417.4807644983887,0.0,53.5638,103970.2607421875
2026-07-17 12:45:01,gpu45,0,16,25.0,1417.7480466380757,0.0,53.5638,103970.2607421875
2026-07-17 12:45:01,gpu45,0,17,26.0,1417.0086397074417,0.0,53.5638,103970.2607421875
2026-07-17 12:45:01,gpu45,0,18,27.0,1418.4117058574284,0.0,53.5638,103970.2607421875
2026-07-17 12:45:01,gpu45,0,19,24.0,1417.0062293081667,0.0,53.5638,103970.2607421875
2026-07-17 12:45:01,gpu45,0,20,25.0,1422.577448819648,0.0,53.5638,103970.2607421875
2026-07-17 12:45:01,gpu45,0,21,25.0,1419.5524092443193,0.0,53.5638,103970.2607421875
2026-07-17 12:45:01,gpu45,0,22,27.0,1416.0632853747848,0.0,53.5638,103970.2607421875
2026-07-17 12:45:01,gpu45,0,23,29.0,1418.780558236462,0.0,53.5638,103970.2607421875
2026-07-17 12:45:01,gpu45,1,0,31.0,1452.8983035401645,0.0,64.9889,242596.62841796875
2026-07-17 12:45:01,gpu45,1,1,31.0,1457.0317233393282,0.0,64.9889,242596.62841796875
2026-07-17 12:45:01,gpu45,1,2,30.0,1452.8254498130136,0.0,64.9889,242596.62841796875
2026-07-17 12:45:01,gpu45,1,3,27.0,1454.2000305222143,0.0,64.9889,242596.62841796875
2026-07-17 12:45:01,gpu45,1,4,29.0,1458.2838911286765,0.0,64.9889,242596.62841796875
2026-07-17 12:45:01,gpu45,1,5,29.0,1456.054067512635,0.0,64.9889,242596.62841796875
2026-07-17 12:45:01,gpu45,1,6,29.0,1452.6607851553897,0.0,64.9889,242596.62841796875
2026-07-17 12:45:01,gpu45,1,7,28.0,1455.6504389214313,0.0,64.9889,242596.62841796875
2026-07-17 12:45:01,gpu45,1,8,27.0,1451.5956957405788,0.0,64.9889,242596.62841796875
2026-07-17 12:45:01,gpu45,1,9,27.0,1453.5904265709785,0.0,64.9889,242596.62841796875
2026-07-17 12:45:01,gpu45,1,10,28.0,1452.3216577194783,0.0,64.9889,242596.62841796875
2026-07-17 12:45:01,gpu45,1,11,29.0,1452.7306484210344,0.0,64.9889,242596.62841796875
2026-07-17 12:45:01,gpu45,1,12,29.0,1450.6523070409312,0.0,64.9889,242596.62841796875
2026-07-17 12:45:01,gpu45,1,13,28.0,1453.9585710162169,0.0,64.9889,242596.62841796875
2026-07-17 12:45:01,gpu45,1,14,29.0,1452.8194018683641,0.0,64.9889,242596.62841796875
2026-07-17 12:45:01,gpu45,1,15,30.0,1453.5502196201721,0.0,64.9889,242596.62841796875
2026-07-17 12:45:01,gpu45,1,16,29.0,1453.4810808350646,0.0,64.9889,242596.62841796875
2026-07-17 12:45:01,gpu45,1,17,26.0,1453.4379506261143,0.0,64.9889,242596.62841796875
2026-07-17 12:45:01,gpu45,1,18,29.0,1455.0018931888853,0.0,64.9889,242596.62841796875
2026-07-17 12:45:01,gpu45,1,19,26.0,1454.1048615852435,0.0,64.9889,242596.62841796875
2026-07-17 12:45:01,gpu45,1,20,27.0,1453.2933844020001,0.0,64.9889,242596.62841796875
2026-07-17 12:45:01,gpu45,1,21,28.0,1454.528773092477,0.0,64.9889,242596.62841796875
2026-07-17 12:45:01,gpu45,1,22,29.0,1451.3881740048214,0.0,64.9889,242596.62841796875
2026-07-17 12:45:01,gpu45,1,23,30.0,1453.34538731083,0.0,64.9889,242596.62841796875
2026-07-17 12:50:02,gpu45,0,0,29.0,1431.3984429142458,0.02,53.2219,119981.20532226562
2026-07-17 12:50:02,gpu45,0,1,28.0,1431.9772978285255,0.0,53.2219,119981.20532226562
2026-07-17 12:50:02,gpu45,0,2,29.0,1428.3366508458591,0.0,53.2219,119981.20532226562
2026-07-17 12:50:02,gpu45,0,3,26.0,1423.596465700103,0.0,53.2219,119981.20532226562
2026-07-17 12:50:02,gpu45,0,4,26.0,1419.0450130283466,0.0,53.2219,119981.20532226562
2026-07-17 12:50:02,gpu45,0,5,27.0,1417.4660333500956,0.0,53.2219,119981.20532226562
2026-07-17 12:50:02,gpu45,0,6,28.0,1417.6069515574134,0.0,53.2219,119981.20532226562
2026-07-17 12:50:02,gpu45,0,7,26.0,1421.7733517186705,0.0,53.2219,119981.20532226562
2026-07-17 12:50:02,gpu45,0,8,26.0,1415.4684861993815,0.0,53.2219,119981.20532226562
2026-07-17 12:50:02,gpu45,0,9,27.0,1419.946418893936,0.0,53.2219,119981.20532226562
2026-07-17 12:50:02,gpu45,0,10,29.0,1415.4241253675493,0.0,53.2219,119981.20532226562
2026-07-17 12:50:02,gpu45,0,11,28.0,1417.2455669793403,0.0,53.2219,119981.20532226562
2026-07-17 12:50:02,gpu45,0,12,27.0,1418.4469887783423,0.0,53.2219,119981.20532226562
2026-07-17 12:50:02,gpu45,0,13,26.0,1412.644841820334,0.0,53.2219,119981.20532226562
2026-07-17 12:50:02,gpu45,0,14,26.0,1417.4098038781685,0.0,53.2219,119981.20532226562
2026-07-17 12:50:02,gpu45,0,15,28.0,1417.4785452681317,0.0,53.2219,119981.20532226562
2026-07-17 12:50:02,gpu45,0,16,27.0,1417.7458292162416,0.0,53.2219,119981.20532226562
2026-07-17 12:50:02,gpu45,0,17,27.0,1417.0060071797955,0.0,53.2219,119981.20532226562
2026-07-17 12:50:02,gpu45,0,18,28.0,1418.4095008306147,1.0,53.2219,119981.20532226562
2026-07-17 12:50:02,gpu45,0,19,25.0,1417.0039250035784,0.0,53.2219,119981.20532226562
2026-07-17 12:50:02,gpu45,0,20,26.0,1422.5752155601535,0.0,53.2219,119981.20532226562
2026-07-17 12:50:02,gpu45,0,21,26.0,1419.5502266402596,0.0,53.2219,119981.20532226562
2026-07-17 12:50:02,gpu45,0,22,28.0,1416.0609887752814,0.0,53.2219,119981.20532226562
2026-07-17 12:50:02,gpu45,0,23,30.0,1418.7783261401341,0.0,53.2219,119981.20532226562
2026-07-17 12:50:02,gpu45,1,0,32.0,1452.8961600012685,0.0,64.7182,258115.2030029297
2026-07-17 12:50:02,gpu45,1,1,31.0,1457.0295987741938,0.0,64.7182,258115.2030029297
2026-07-17 12:50:02,gpu45,1,2,31.0,1452.8234985901843,0.0,64.7182,258115.2030029297
2026-07-17 12:50:02,gpu45,1,3,29.0,1454.1978989320182,0.0,64.7182,258115.2030029297
2026-07-17 12:50:02,gpu45,1,4,30.0,1458.2818100540158,0.0,64.7182,258115.2030029297
2026-07-17 12:50:02,gpu45,1,5,30.0,1456.0520267711524,0.0,64.7182,258115.2030029297
2026-07-17 12:50:02,gpu45,1,6,30.0,1452.658716488808,0.0,64.7182,258115.2030029297
2026-07-17 12:50:02,gpu45,1,7,28.0,1455.6483724610903,0.0,64.7182,258115.2030029297
2026-07-17 12:50:02,gpu45,1,8,31.0,1451.5953469323686,0.0,64.7182,258115.2030029297
2026-07-17 12:50:02,gpu45,1,9,29.0,1453.5890503762803,0.0,64.7182,258115.2030029297
2026-07-17 12:50:02,gpu45,1,10,29.0,1452.3196139421918,0.0,64.7182,258115.2030029297
2026-07-17 12:50:02,gpu45,1,11,30.0,1452.7285917742752,0.0,64.7182,258115.2030029297
2026-07-17 12:50:02,gpu45,1,12,30.0,1450.6502375749392,0.0,64.7182,258115.2030029297
2026-07-17 12:50:02,gpu45,1,13,28.0,1453.9565088390762,0.0,64.7182,258115.2030029297
2026-07-17 12:50:02,gpu45,1,14,30.0,1452.8173661145204,0.0,64.7182,258115.2030029297
2026-07-17 12:50:02,gpu45,1,15,31.0,1453.5481778163096,0.0,64.7182,258115.2030029297
2026-07-17 12:50:02,gpu45,1,16,30.0,1453.479016435244,0.0,64.7182,258115.2030029297
2026-07-17 12:50:02,gpu45,1,17,27.0,1453.43585890506,0.0,64.7182,258115.2030029297
2026-07-17 12:50:02,gpu45,1,18,30.0,1454.9998276758042,0.0,64.7182,258115.2030029297
2026-07-17 12:50:02,gpu45,1,19,27.0,1454.102822453906,0.0,64.7182,258115.2030029297
2026-07-17 12:50:02,gpu45,1,20,28.0,1453.2913464205717,0.0,64.7182,258115.2030029297
2026-07-17 12:50:02,gpu45,1,21,29.0,1454.5267103093377,0.0,64.7182,258115.2030029297
2026-07-17 12:50:02,gpu45,1,22,30.0,1451.386116965347,0.0,64.7182,258115.2030029297
2026-07-17 12:50:02,gpu45,1,23,30.0,1453.3432991652712,0.0,64.7182,258115.2030029297
2026-07-17 12:55:02,gpu45,0,0,29.0,1431.396176228558,0.02,53.5601,135987.2078857422
2026-07-17 12:55:02,gpu45,0,1,28.0,1431.9751594147547,0.99,53.5601,135987.2078857422
2026-07-17 12:55:02,gpu45,0,2,29.0,1428.3345122529115,0.0,53.5601,135987.2078857422
2026-07-17 12:55:02,gpu45,0,3,25.0,1423.594251116266,0.0,53.5601,135987.2078857422
2026-07-17 12:55:02,gpu45,0,4,26.0,1419.0428332482863,0.0,53.5601,135987.2078857422
2026-07-17 12:55:02,gpu45,0,5,27.0,1417.4638435294978,0.0,53.5601,135987.2078857422
2026-07-17 12:55:02,gpu45,0,6,28.0,1417.6047350006725,0.0,53.5601,135987.2078857422
2026-07-17 12:55:02,gpu45,0,7,25.0,1421.7711752790137,0.0,53.5601,135987.2078857422
2026-07-17 12:55:02,gpu45,0,8,26.0,1415.4662895090062,0.0,53.5601,135987.2078857422
2026-07-17 12:55:02,gpu45,0,9,26.0,1419.94423661217,0.0,53.5601,135987.2078857422
2026-07-17 12:55:02,gpu45,0,10,28.0,1415.4219094833823,0.0,53.5601,135987.2078857422
2026-07-17 12:55:02,gpu45,0,11,27.0,1417.2429409576994,0.0,53.5601,135987.2078857422
2026-07-17 12:55:02,gpu45,0,12,26.0,1418.4447752949966,0.0,53.5601,135987.2078857422
2026-07-17 12:55:02,gpu45,0,13,26.0,1412.6426232028582,0.0,53.5601,135987.2078857422
2026-07-17 12:55:02,gpu45,0,14,26.0,1417.4076250154092,0.0,53.5601,135987.2078857422
2026-07-17 12:55:02,gpu45,0,15,27.0,1417.4763383583484,0.0,53.5601,135987.2078857422
2026-07-17 12:55:02,gpu45,0,16,26.0,1417.7436240053632,0.0,53.5601,135987.2078857422
2026-07-17 12:55:02,gpu45,0,17,27.0,1417.0033735738214,0.0,53.5601,135987.2078857422
2026-07-17 12:55:02,gpu45,0,18,28.0,1418.4073005708512,0.0,53.5601,135987.2078857422
2026-07-17 12:55:02,gpu45,0,19,25.0,1417.0015864693721,0.0,53.5601,135987.2078857422
2026-07-17 12:55:02,gpu45,0,20,25.0,1422.572981338912,0.0,53.5601,135987.2078857422
2026-07-17 12:55:02,gpu45,0,21,25.0,1419.5480393708237,0.0,53.5601,135987.2078857422
2026-07-17 12:55:02,gpu45,0,22,27.0,1416.0587078593953,0.0,53.5601,135987.2078857422
2026-07-17 12:55:02,gpu45,0,23,29.0,1418.776103411781,0.0,53.5601,135987.2078857422
2026-07-17 12:55:02,gpu45,1,0,31.0,1452.8939644495688,0.0,64.8772,11459.569580078125
2026-07-17 12:55:02,gpu45,1,1,30.0,1457.0274326223416,0.0,64.8772,11459.569580078125
2026-07-17 12:55:02,gpu45,1,2,31.0,1452.8213680947931,0.0,64.8772,11459.569580078125
2026-07-17 12:55:02,gpu45,1,3,27.0,1454.195787693605,0.0,64.8772,11459.569580078125
2026-07-17 12:55:02,gpu45,1,4,29.0,1458.2797303232749,0.0,64.8772,11459.569580078125
2026-07-17 12:55:02,gpu45,1,5,29.0,1456.049991071688,0.0,64.8772,11459.569580078125
2026-07-17 12:55:02,gpu45,1,6,29.0,1452.656677646369,0.0,64.8772,11459.569580078125
2026-07-17 12:55:02,gpu45,1,7,28.0,1455.6463087205666,0.0,64.8772,11459.569580078125
2026-07-17 12:55:02,gpu45,1,8,27.0,1451.5947822721844,0.0,64.8772,11459.569580078125
2026-07-17 12:55:02,gpu45,1,9,28.0,1453.58777353899,0.0,64.8772,11459.569580078125
2026-07-17 12:55:02,gpu45,1,10,28.0,1452.3177933748525,0.0,64.8772,11459.569580078125
2026-07-17 12:55:02,gpu45,1,11,32.0,1452.7265767328527,0.0,64.8772,11459.569580078125
2026-07-17 12:55:02,gpu45,1,12,29.0,1450.6481713479552,0.0,64.8772,11459.569580078125
2026-07-17 12:55:02,gpu45,1,13,27.0,1453.9544468591657,0.0,64.8772,11459.569580078125
2026-07-17 12:55:02,gpu45,1,14,30.0,1452.8153331085746,0.0,64.8772,11459.569580078125
2026-07-17 12:55:02,gpu45,1,15,31.0,1453.5461401554005,0.0,64.8772,11459.569580078125
2026-07-17 12:55:02,gpu45,1,16,30.0,1453.4769556459676,0.0,64.8772,11459.569580078125
2026-07-17 12:55:02,gpu45,1,17,26.0,1453.433758183502,0.0,64.8772,11459.569580078125
2026-07-17 12:55:02,gpu45,1,18,30.0,1454.997766235691,0.0,64.8772,11459.569580078125
2026-07-17 12:55:02,gpu45,1,19,26.0,1454.1007808911447,0.0,64.8772,11459.569580078125
2026-07-17 12:55:02,gpu45,1,20,27.0,1453.2893135544884,0.0,64.8772,11459.569580078125
2026-07-17 12:55:02,gpu45,1,21,29.0,1454.5246531220887,0.0,64.8772,11459.569580078125
2026-07-17 12:55:02,gpu45,1,22,29.0,1451.384063293436,0.0,64.8772,11459.569580078125
2026-07-17 12:55:02,gpu45,1,23,31.0,1453.3412202949437,0.0,64.8772,11459.569580078125
2026-07-17 13:00:02,gpu45,0,0,29.0,1431.3939062073491,0.02,53.4194,151974.61981201172
2026-07-17 13:00:02,gpu45,0,1,28.0,1431.9730274806222,0.0,53.4194,151974.61981201172
2026-07-17 13:00:02,gpu45,0,2,29.0,1428.3323780317546,0.0,53.4194,151974.61981201172
2026-07-17 13:00:02,gpu45,0,3,26.0,1423.59204706272,0.0,53.4194,151974.61981201172
2026-07-17 13:00:02,gpu45,0,4,26.0,1419.0406540616812,0.0,53.4194,151974.61981201172
2026-07-17 13:00:02,gpu45,0,5,27.0,1417.4616572070242,0.0,53.4194,151974.61981201172
2026-07-17 13:00:02,gpu45,0,6,28.0,1417.6025240993847,0.0,53.4194,151974.61981201172
2026-07-17 13:00:02,gpu45,0,7,25.0,1421.7690069829443,0.0,53.4194,151974.61981201172
2026-07-17 13:00:02,gpu45,0,8,26.0,1415.4640973895475,0.0,53.4194,151974.61981201172
2026-07-17 13:00:02,gpu45,0,9,26.0,1419.942060473312,0.0,53.4194,151974.61981201172
2026-07-17 13:00:02,gpu45,0,10,29.0,1415.4197080545473,0.0,53.4194,151974.61981201172
2026-07-17 13:00:02,gpu45,0,11,28.0,1417.2403300219353,0.0,53.4194,151974.61981201172
2026-07-17 13:00:02,gpu45,0,12,26.0,1418.4425686888806,0.0,53.4194,151974.61981201172
2026-07-17 13:00:02,gpu45,0,13,26.0,1412.6403949326855,0.0,53.4194,151974.61981201172
2026-07-17 13:00:02,gpu45,0,14,26.0,1417.4054501230264,0.0,53.4194,151974.61981201172
2026-07-17 13:00:02,gpu45,0,15,28.0,1417.4741386284063,0.0,53.4194,151974.61981201172
2026-07-17 13:00:02,gpu45,0,16,27.0,1417.7414230212282,0.0,53.4194,151974.61981201172
2026-07-17 13:00:02,gpu45,0,17,27.0,1417.0007436909589,0.0,53.4194,151974.61981201172
2026-07-17 13:00:02,gpu45,0,18,28.0,1418.4051035708694,0.0,53.4194,151974.61981201172
2026-07-17 13:00:02,gpu45,0,19,25.0,1416.9992181119358,0.0,53.4194,151974.61981201172
2026-07-17 13:00:02,gpu45,0,20,25.0,1422.5707472503866,0.0,53.4194,151974.61981201172
2026-07-17 13:00:02,gpu45,0,21,25.0,1419.5457984914485,0.0,53.4194,151974.61981201172
2026-07-17 13:00:02,gpu45,0,22,28.0,1416.0564642237805,0.0,53.4194,151974.61981201172
2026-07-17 13:00:02,gpu45,0,23,29.0,1418.7738891872336,0.0,53.4194,151974.61981201172
2026-07-17 13:00:02,gpu45,1,0,31.0,1452.8918235124722,0.0,64.6938,26946.35791015625
2026-07-17 13:00:02,gpu45,1,1,31.0,1457.0252772643025,0.0,64.6938,26946.35791015625
2026-07-17 13:00:02,gpu45,1,2,31.0,1452.8192371976604,0.0,64.6938,26946.35791015625
2026-07-17 13:00:02,gpu45,1,3,28.0,1454.1936741915167,0.0,64.6938,26946.35791015625
2026-07-17 13:00:02,gpu45,1,4,30.0,1458.2776560120242,0.99,64.6938,26946.35791015625
2026-07-17 13:00:02,gpu45,1,5,30.0,1456.0479640344586,0.0,64.6938,26946.35791015625
2026-07-17 13:00:02,gpu45,1,6,30.0,1452.6546162119205,0.0,64.6938,26946.35791015625
2026-07-17 13:00:02,gpu45,1,7,28.0,1455.6442534434186,0.0,64.6938,26946.35791015625
2026-07-17 13:00:02,gpu45,1,8,28.0,1451.5936981659784,0.0,64.6938,26946.35791015625
2026-07-17 13:00:02,gpu45,1,9,31.0,1453.5870290433447,0.0,64.6938,26946.35791015625
2026-07-17 13:00:02,gpu45,1,10,29.0,1452.3159669122501,0.0,64.6938,26946.35791015625
2026-07-17 13:00:02,gpu45,1,11,30.0,1452.7245280630775,0.0,64.6938,26946.35791015625
2026-07-17 13:00:02,gpu45,1,12,30.0,1450.6461113505238,0.0,64.6938,26946.35791015625
2026-07-17 13:00:02,gpu45,1,13,28.0,1453.9523903948598,0.0,64.6938,26946.35791015625
2026-07-17 13:00:02,gpu45,1,14,30.0,1452.8133065622608,0.0,64.6938,26946.35791015625
2026-07-17 13:00:02,gpu45,1,15,31.0,1453.544108811135,0.0,64.6938,26946.35791015625
2026-07-17 13:00:02,gpu45,1,16,30.0,1453.4749010897388,0.0,64.6938,26946.35791015625
2026-07-17 13:00:02,gpu45,1,17,28.0,1453.4316599743643,0.0,64.6938,26946.35791015625
2026-07-17 13:00:02,gpu45,1,18,30.0,1454.9957105736055,0.0,64.6938,26946.35791015625
2026-07-17 13:00:02,gpu45,1,19,27.0,1454.0987500040217,0.0,64.6938,26946.35791015625
2026-07-17 13:00:02,gpu45,1,20,28.0,1453.2872782048344,0.0,64.6938,26946.35791015625
2026-07-17 13:00:02,gpu45,1,21,30.0,1454.522600328702,0.0,64.6938,26946.35791015625
2026-07-17 13:00:02,gpu45,1,22,30.0,1451.382014370986,0.0,64.6938,26946.35791015625
2026-07-17 13:00:02,gpu45,1,23,31.0,1453.339151539995,0.0,64.6938,26946.35791015625
2026-07-17 13:05:02,gpu45,0,0,29.0,1431.3916393190493,0.02,53.2892,167975.55291748047
2026-07-17 13:05:02,gpu45,0,1,28.0,1431.9708991038747,0.0,53.2892,167975.55291748047
2026-07-17 13:05:02,gpu45,0,2,29.0,1428.3302444541446,0.0,53.2892,167975.55291748047
2026-07-17 13:05:02,gpu45,0,3,26.0,1423.5898440953358,0.0,53.2892,167975.55291748047
2026-07-17 13:05:02,gpu45,0,4,25.0,1419.0384802163533,0.0,53.2892,167975.55291748047
2026-07-17 13:05:02,gpu45,0,5,27.0,1417.4594750237225,0.0,53.2892,167975.55291748047
2026-07-17 13:05:02,gpu45,0,6,29.0,1417.6003159167408,0.0,53.2892,167975.55291748047
2026-07-17 13:05:02,gpu45,0,7,25.0,1421.7668439856898,0.0,53.2892,167975.55291748047
2026-07-17 13:05:02,gpu45,0,8,26.0,1415.4619055137728,0.0,53.2892,167975.55291748047
2026-07-17 13:05:02,gpu45,0,9,26.0,1419.9398837955957,0.0,53.2892,167975.55291748047
2026-07-17 13:05:02,gpu45,0,10,29.0,1415.4174766452195,0.0,53.2892,167975.55291748047
2026-07-17 13:05:02,gpu45,0,11,28.0,1417.2377187446205,0.0,53.2892,167975.55291748047
2026-07-17 13:05:02,gpu45,0,12,26.0,1418.4403645844357,1.0,53.2892,167975.55291748047
2026-07-17 13:05:02,gpu45,0,13,26.0,1412.6381655807565,0.0,53.2892,167975.55291748047
2026-07-17 13:05:02,gpu45,0,14,26.0,1417.4032759085824,0.0,53.2892,167975.55291748047
2026-07-17 13:05:02,gpu45,0,15,28.0,1417.471945488027,0.0,53.2892,167975.55291748047
2026-07-17 13:05:02,gpu45,0,16,27.0,1417.7392182632302,0.0,53.2892,167975.55291748047
2026-07-17 13:05:02,gpu45,0,17,27.0,1416.9981158776254,0.0,53.2892,167975.55291748047
2026-07-17 13:05:02,gpu45,0,18,28.0,1418.4029072530273,0.0,53.2892,167975.55291748047
2026-07-17 13:05:02,gpu45,0,19,25.0,1416.996887676934,0.0,53.2892,167975.55291748047
2026-07-17 13:05:02,gpu45,0,20,25.0,1422.5685156616814,0.0,53.2892,167975.55291748047
2026-07-17 13:05:02,gpu45,0,21,26.0,1419.5435594843916,0.0,53.2892,167975.55291748047
2026-07-17 13:05:02,gpu45,0,22,27.0,1416.0542267265732,0.0,53.2892,167975.55291748047
2026-07-17 13:05:02,gpu45,0,23,30.0,1418.771679285487,0.0,53.2892,167975.55291748047
2026-07-17 13:05:02,gpu45,1,0,31.0,1452.8897220897575,0.0,64.7706,42408.58117675781
2026-07-17 13:05:02,gpu45,1,1,31.0,1457.0231766963393,0.0,64.7706,42408.58117675781
2026-07-17 13:05:02,gpu45,1,2,31.0,1452.8171118515572,0.0,64.7706,42408.58117675781
2026-07-17 13:05:02,gpu45,1,3,28.0,1454.191551655613,0.0,64.7706,42408.58117675781
2026-07-17 13:05:02,gpu45,1,4,30.0,1458.2755989296284,0.0,64.7706,42408.58117675781
2026-07-17 13:05:02,gpu45,1,5,30.0,1456.045930765188,0.0,64.7706,42408.58117675781
2026-07-17 13:05:02,gpu45,1,6,30.0,1452.6525647996048,0.0,64.7706,42408.58117675781
2026-07-17 13:05:02,gpu45,1,7,28.0,1455.6422015637804,0.0,64.7706,42408.58117675781
2026-07-17 13:05:02,gpu45,1,8,28.0,1451.5929591281806,0.0,64.7706,42408.58117675781
2026-07-17 13:05:02,gpu45,1,9,28.0,1453.5856326618837,0.0,64.7706,42408.58117675781
2026-07-17 13:05:02,gpu45,1,10,31.0,1452.3145835629864,0.0,64.7706,42408.58117675781
2026-07-17 13:05:02,gpu45,1,11,30.0,1452.7224869696522,0.0,64.7706,42408.58117675781
2026-07-17 13:05:02,gpu45,1,12,30.0,1450.6440579417801,0.0,64.7706,42408.58117675781
2026-07-17 13:05:02,gpu45,1,13,28.0,1453.9503427342802,0.0,64.7706,42408.58117675781
2026-07-17 13:05:02,gpu45,1,14,30.0,1452.81128635463,0.0,64.7706,42408.58117675781
2026-07-17 13:05:02,gpu45,1,15,31.0,1453.5420836975516,0.0,64.7706,42408.58117675781
2026-07-17 13:05:02,gpu45,1,16,30.0,1453.4728531422554,0.0,64.7706,42408.58117675781
2026-07-17 13:05:02,gpu45,1,17,27.0,1453.4295401383729,0.0,64.7706,42408.58117675781
2026-07-17 13:05:02,gpu45,1,18,30.0,1454.9935780121875,0.0,64.7706,42408.58117675781
2026-07-17 13:05:02,gpu45,1,19,26.0,1454.0967202813415,0.0,64.7706,42408.58117675781
2026-07-17 13:05:02,gpu45,1,20,28.0,1453.2851491264466,0.0,64.7706,42408.58117675781
2026-07-17 13:05:02,gpu45,1,21,29.0,1454.5205541292469,0.0,64.7706,42408.58117675781
2026-07-17 13:05:02,gpu45,1,22,30.0,1451.3799683921677,0.0,64.7706,42408.58117675781
2026-07-17 13:05:02,gpu45,1,23,30.0,1453.3370788052323,0.0,64.7706,42408.58117675781
2026-07-17 13:10:02,gpu45,0,0,29.0,1431.3893678562972,0.0,53.7707,183963.522277832
2026-07-17 13:10:02,gpu45,0,1,28.0,1431.9687570675724,0.0,53.7707,183963.522277832
2026-07-17 13:10:02,gpu45,0,2,29.0,1428.3280985458293,0.0,53.7707,183963.522277832
2026-07-17 13:10:02,gpu45,0,3,25.0,1423.587627155246,0.0,53.7707,183963.522277832
2026-07-17 13:10:02,gpu45,0,4,25.0,1419.0362890756442,0.0,53.7707,183963.522277832
2026-07-17 13:10:02,gpu45,0,5,27.0,1417.457278573898,0.0,53.7707,183963.522277832
2026-07-17 13:10:02,gpu45,0,6,28.0,1417.5980900712623,0.0,53.7707,183963.522277832
2026-07-17 13:10:02,gpu45,0,7,25.0,1421.764676657406,0.0,53.7707,183963.522277832
2026-07-17 13:10:02,gpu45,0,8,26.0,1415.459705057675,0.0,53.7707,183963.522277832
2026-07-17 13:10:02,gpu45,0,9,26.0,1419.9376973813996,0.0,53.7707,183963.522277832
2026-07-17 13:10:02,gpu45,0,10,28.0,1415.415255452599,0.0,53.7707,183963.522277832
2026-07-17 13:10:02,gpu45,0,11,28.0,1417.2351055095994,0.0,53.7707,183963.522277832
2026-07-17 13:10:02,gpu45,0,12,26.0,1418.4381460959755,0.0,53.7707,183963.522277832
2026-07-17 13:10:02,gpu45,0,13,26.0,1412.6359317045258,0.0,53.7707,183963.522277832
2026-07-17 13:10:02,gpu45,0,14,26.0,1417.4010911668208,0.0,53.7707,183963.522277832
2026-07-17 13:10:02,gpu45,0,15,27.0,1417.469747323807,0.0,53.7707,183963.522277832
2026-07-17 13:10:02,gpu45,0,16,26.0,1417.7365792524702,0.0,53.7707,183963.522277832
2026-07-17 13:10:02,gpu45,0,17,27.0,1416.9958939117528,0.0,53.7707,183963.522277832
2026-07-17 13:10:02,gpu45,0,18,28.0,1418.4007012651953,0.0,53.7707,183963.522277832
2026-07-17 13:10:02,gpu45,0,19,24.0,1416.9945528439446,0.0,53.7707,183963.522277832
2026-07-17 13:10:02,gpu45,0,20,24.0,1422.5662744942501,0.0,53.7707,183963.522277832
2026-07-17 13:10:02,gpu45,0,21,25.0,1419.5413032498357,0.0,53.7707,183963.522277832
2026-07-17 13:10:02,gpu45,0,22,27.0,1416.0519708137645,0.0,53.7707,183963.522277832
2026-07-17 13:10:02,gpu45,0,23,29.0,1418.7694541984954,0.0,53.7707,183963.522277832
2026-07-17 13:10:02,gpu45,1,0,31.0,1452.88758908581,0.0,64.8044,57934.675842285156
2026-07-17 13:10:02,gpu45,1,1,30.0,1457.021035094144,0.0,64.8044,57934.675842285156
2026-07-17 13:10:02,gpu45,1,2,31.0,1452.814987479933,0.0,64.8044,57934.675842285156
2026-07-17 13:10:02,gpu45,1,3,28.0,1454.1894174970298,0.0,64.8044,57934.675842285156
2026-07-17 13:10:02,gpu45,1,4,29.0,1458.27354991888,0.0,64.8044,57934.675842285156
2026-07-17 13:10:02,gpu45,1,5,29.0,1456.043884975542,0.0,64.8044,57934.675842285156
2026-07-17 13:10:02,gpu45,1,6,30.0,1452.650496742222,0.0,64.8044,57934.675842285156
2026-07-17 13:10:02,gpu45,1,7,27.0,1455.64014160202,0.0,64.8044,57934.675842285156
2026-07-17 13:10:02,gpu45,1,8,28.0,1451.592045272736,0.0,64.8044,57934.675842285156
2026-07-17 13:10:02,gpu45,1,9,31.0,1453.5849257260918,0.0,64.8044,57934.675842285156
2026-07-17 13:10:02,gpu45,1,10,28.0,1452.3125415399836,0.0,64.8044,57934.675842285156
2026-07-17 13:10:02,gpu45,1,11,29.0,1452.7204304696816,0.0,64.8044,57934.675842285156
2026-07-17 13:10:02,gpu45,1,12,29.0,1450.6419885828116,0.0,64.8044,57934.675842285156
2026-07-17 13:10:02,gpu45,1,13,27.0,1453.9482797044052,0.0,64.8044,57934.675842285156
2026-07-17 13:10:02,gpu45,1,14,29.0,1452.8092524286121,0.0,64.8044,57934.675842285156
2026-07-17 13:10:02,gpu45,1,15,31.0,1453.5400444139786,0.0,64.8044,57934.675842285156
2026-07-17 13:10:02,gpu45,1,16,29.0,1453.4707898590004,0.0,64.8044,57934.675842285156
2026-07-17 13:10:02,gpu45,1,17,26.0,1453.4274155471314,0.0,64.8044,57934.675842285156
2026-07-17 13:10:02,gpu45,1,18,29.0,1454.991436756663,0.0,64.8044,57934.675842285156
2026-07-17 13:10:02,gpu45,1,19,27.0,1454.0946520566135,0.0,64.8044,57934.675842285156
2026-07-17 13:10:02,gpu45,1,20,27.0,1453.2831149844308,0.0,64.8044,57934.675842285156
2026-07-17 13:10:02,gpu45,1,21,28.0,1454.5184940589102,0.0,64.8044,57934.675842285156
2026-07-17 13:10:02,gpu45,1,22,29.0,1451.377911591282,0.0,64.8044,57934.675842285156
2026-07-17 13:10:02,gpu45,1,23,30.0,1453.3349884994823,0.0,64.8044,57934.675842285156
2026-07-17 13:15:02,gpu45,0,0,29.0,1431.387093373266,0.0,53.4445,199987.00958251953
2026-07-17 13:15:02,gpu45,0,1,27.0,1431.9666214070003,0.0,53.4445,199987.00958251953
2026-07-17 13:15:02,gpu45,0,2,28.0,1428.325959003625,0.0,53.4445,199987.00958251953
2026-07-17 13:15:02,gpu45,0,3,25.0,1423.585414964199,0.0,53.4445,199987.00958251953
2026-07-17 13:15:02,gpu45,0,4,24.0,1419.034109564112,0.0,53.4445,199987.00958251953
2026-07-17 13:15:02,gpu45,0,5,26.0,1417.4550879736378,0.0,53.4445,199987.00958251953
2026-07-17 13:15:02,gpu45,0,6,27.0,1417.5958759182379,0.0,53.4445,199987.00958251953
2026-07-17 13:15:02,gpu45,0,7,24.0,1421.7625164538038,0.0,53.4445,199987.00958251953
2026-07-17 13:15:02,gpu45,0,8,25.0,1415.4575087652295,0.0,53.4445,199987.00958251953
2026-07-17 13:15:02,gpu45,0,9,26.0,1419.9355166030527,0.0,53.4445,199987.00958251953
2026-07-17 13:15:02,gpu45,0,10,28.0,1415.4129617470128,0.0,53.4445,199987.00958251953
2026-07-17 13:15:02,gpu45,0,11,27.0,1417.2325035025324,0.0,53.4445,199987.00958251953
2026-07-17 13:15:02,gpu45,0,12,25.0,1418.4359321234845,0.0,53.4445,199987.00958251953
2026-07-17 13:15:02,gpu45,0,13,25.0,1412.6337017329492,0.0,53.4445,199987.00958251953
2026-07-17 13:15:02,gpu45,0,14,25.0,1417.3989131093408,0.0,53.4445,199987.00958251953
2026-07-17 13:15:02,gpu45,0,15,27.0,1417.4675574441694,0.0,53.4445,199987.00958251953
2026-07-17 13:15:02,gpu45,0,16,25.0,1417.7339429580734,0.0,53.4445,199987.00958251953
2026-07-17 13:15:02,gpu45,0,17,26.0,1416.9936803538894,0.0,53.4445,199987.00958251953
2026-07-17 13:15:02,gpu45,0,18,27.0,1418.3985010234148,0.0,53.4445,199987.00958251953
2026-07-17 13:15:02,gpu45,0,19,24.0,1416.9922895649777,0.0,53.4445,199987.00958251953
2026-07-17 13:15:02,gpu45,0,20,24.0,1422.564041785623,0.0,53.4445,199987.00958251953
2026-07-17 13:15:02,gpu45,0,21,24.0,1419.5390598070178,0.0,53.4445,199987.00958251953
2026-07-17 13:15:02,gpu45,0,22,26.0,1416.0497237940572,0.0,53.4445,199987.00958251953
2026-07-17 13:15:02,gpu45,0,23,28.0,1418.767232928498,0.0,53.4445,199987.00958251953
2026-07-17 13:15:02,gpu45,1,0,30.0,1452.885451044282,0.0,64.716,73453.3333129883
2026-07-17 13:15:02,gpu45,1,1,30.0,1457.0188681624427,0.0,64.716,73453.3333129883
2026-07-17 13:15:02,gpu45,1,2,30.0,1452.8128639601139,0.0,64.716,73453.3333129883
2026-07-17 13:15:02,gpu45,1,3,27.0,1454.1872782111723,0.0,64.716,73453.3333129883
2026-07-17 13:15:02,gpu45,1,4,29.0,1458.271502152764,0.0,64.716,73453.3333129883
2026-07-17 13:15:02,gpu45,1,5,29.0,1456.0418455243325,0.0,64.716,73453.3333129883
2026-07-17 13:15:02,gpu45,1,6,30.0,1452.6484304024705,0.0,64.716,73453.3333129883
2026-07-17 13:15:02,gpu45,1,7,27.0,1455.6380917732886,0.0,64.716,73453.3333129883
2026-07-17 13:15:02,gpu45,1,8,27.0,1451.5911824552873,0.0,64.716,73453.3333129883
2026-07-17 13:15:02,gpu45,1,9,30.0,1453.5837515895544,0.0,64.716,73453.3333129883
2026-07-17 13:15:02,gpu45,1,10,28.0,1452.3109038244636,0.0,64.716,73453.3333129883
2026-07-17 13:15:02,gpu45,1,11,29.0,1452.7183751972675,0.0,64.716,73453.3333129883
2026-07-17 13:15:02,gpu45,1,12,29.0,1450.6399204626935,0.0,64.716,73453.3333129883
2026-07-17 13:15:02,gpu45,1,13,27.0,1453.9462244922286,0.0,64.716,73453.3333129883
2026-07-17 13:15:02,gpu45,1,14,30.0,1452.8072173323353,0.0,64.716,73453.3333129883
2026-07-17 13:15:02,gpu45,1,15,30.0,1453.5380052485866,0.0,64.716,73453.3333129883
2026-07-17 13:15:02,gpu45,1,16,30.0,1453.468726500992,0.0,64.716,73453.3333129883
2026-07-17 13:15:02,gpu45,1,17,27.0,1453.4253163482435,0.0,64.716,73453.3333129883
2026-07-17 13:15:02,gpu45,1,18,29.0,1454.9893723509117,0.0,64.716,73453.3333129883
2026-07-17 13:15:02,gpu45,1,19,26.0,1454.09258791775,0.0,64.716,73453.3333129883
2026-07-17 13:15:02,gpu45,1,20,27.0,1453.2810799183146,0.0,64.716,73453.3333129883
2026-07-17 13:15:02,gpu45,1,21,28.0,1454.5164169280654,0.0,64.716,73453.3333129883
2026-07-17 13:15:02,gpu45,1,22,29.0,1451.3758541877776,0.0,64.716,73453.3333129883
2026-07-17 13:15:02,gpu45,1,23,29.0,1453.332914828269,0.0,64.716,73453.3333129883
2026-07-17 13:20:01,gpu45,0,0,30.0,1431.3848375641223,0.02,53.6004,215956.01599121094
2026-07-17 13:20:01,gpu45,0,1,28.0,1431.96448967276,0.0,53.6004,215956.01599121094
2026-07-17 13:20:01,gpu45,0,2,29.0,1428.3238249755118,0.0,53.6004,215956.01599121094
2026-07-17 13:20:01,gpu45,0,3,26.0,1423.5832165639629,0.0,53.6004,215956.01599121094
2026-07-17 13:20:01,gpu45,0,4,26.0,1419.0319305554508,0.0,53.6004,215956.01599121094
2026-07-17 13:20:01,gpu45,0,5,27.0,1417.4529030843778,0.0,53.6004,215956.01599121094
2026-07-17 13:20:01,gpu45,0,6,28.0,1417.593665332184,0.0,53.6004,215956.01599121094
2026-07-17 13:20:01,gpu45,0,7,26.0,1421.7603623996765,0.0,53.6004,215956.01599121094
2026-07-17 13:20:01,gpu45,0,8,26.0,1415.4553170275842,0.0,53.6004,215956.01599121094
2026-07-17 13:20:01,gpu45,0,9,27.0,1419.9333415527228,0.0,53.6004,215956.01599121094
2026-07-17 13:20:01,gpu45,0,10,29.0,1415.4107609291073,0.0,53.6004,215956.01599121094
2026-07-17 13:20:01,gpu45,0,11,28.0,1417.2299102172262,0.0,53.6004,215956.01599121094
2026-07-17 13:20:01,gpu45,0,12,26.0,1418.4337262877448,0.99,53.6004,215956.01599121094
2026-07-17 13:20:01,gpu45,0,13,26.0,1412.6314686738615,0.0,53.6004,215956.01599121094
2026-07-17 13:20:01,gpu45,0,14,26.0,1417.3967424340497,0.0,53.6004,215956.01599121094
2026-07-17 13:20:01,gpu45,0,15,28.0,1417.465369921143,0.0,53.6004,215956.01599121094
2026-07-17 13:20:01,gpu45,0,16,27.0,1417.7313157637852,0.0,53.6004,215956.01599121094
2026-07-17 13:20:01,gpu45,0,17,27.0,1416.9914717484771,0.0,53.6004,215956.01599121094
2026-07-17 13:20:01,gpu45,0,18,28.0,1418.3963058947159,0.0,53.6004,215956.01599121094
2026-07-17 13:20:01,gpu45,0,19,25.0,1416.9900635699562,0.0,53.6004,215956.01599121094
2026-07-17 13:20:01,gpu45,0,20,25.0,1422.561813083109,0.0,53.6004,215956.01599121094
2026-07-17 13:20:01,gpu45,0,21,25.0,1419.5368250589545,0.0,53.6004,215956.01599121094
2026-07-17 13:20:01,gpu45,0,22,28.0,1416.04748094439,0.0,53.6004,215956.01599121094
2026-07-17 13:20:01,gpu45,0,23,30.0,1418.7650219639213,0.0,53.6004,215956.01599121094
2026-07-17 13:20:01,gpu45,1,0,31.0,1452.8833032828043,0.0,64.7179,88889.6717529297
2026-07-17 13:20:01,gpu45,1,1,31.0,1457.0171546811764,0.0,64.7179,88889.6717529297
2026-07-17 13:20:01,gpu45,1,2,31.0,1452.810962909126,0.0,64.7179,88889.6717529297
2026-07-17 13:20:01,gpu45,1,3,28.0,1454.1853559368205,0.0,64.7179,88889.6717529297
2026-07-17 13:20:01,gpu45,1,4,29.0,1458.2694974508768,0.0,64.7179,88889.6717529297
2026-07-17 13:20:01,gpu45,1,5,30.0,1456.0398235619484,0.0,64.7179,88889.6717529297
2026-07-17 13:20:01,gpu45,1,6,30.0,1452.6462489667372,0.0,64.7179,88889.6717529297
2026-07-17 13:20:01,gpu45,1,7,29.0,1455.636067816951,0.0,64.7179,88889.6717529297
2026-07-17 13:20:01,gpu45,1,8,28.0,1451.5892503859818,0.0,64.7179,88889.6717529297
2026-07-17 13:20:01,gpu45,1,9,28.0,1453.582595830398,0.0,64.7179,88889.6717529297
2026-07-17 13:20:01,gpu45,1,10,29.0,1452.3094977665198,0.0,64.7179,88889.6717529297
2026-07-17 13:20:01,gpu45,1,11,30.0,1452.7163340279103,0.0,64.7179,88889.6717529297
2026-07-17 13:20:01,gpu45,1,12,29.0,1450.6378665752313,0.0,64.7179,88889.6717529297
2026-07-17 13:20:01,gpu45,1,13,28.0,1453.9441718134608,0.0,64.7179,88889.6717529297
2026-07-17 13:20:01,gpu45,1,14,30.0,1452.8051971382379,0.0,64.7179,88889.6717529297
2026-07-17 13:20:01,gpu45,1,15,31.0,1453.5359805854741,0.0,64.7179,88889.6717529297
2026-07-17 13:20:01,gpu45,1,16,30.0,1453.4666768605703,0.0,64.7179,88889.6717529297
2026-07-17 13:20:01,gpu45,1,17,27.0,1453.4232030994342,0.0,64.7179,88889.6717529297
2026-07-17 13:20:01,gpu45,1,18,30.0,1454.987320876691,0.0,64.7179,88889.6717529297
2026-07-17 13:20:01,gpu45,1,19,27.0,1454.0905466748682,0.0,64.7179,88889.6717529297
2026-07-17 13:20:01,gpu45,1,20,28.0,1453.279056732253,0.0,64.7179,88889.6717529297
2026-07-17 13:20:01,gpu45,1,21,29.0,1454.5143703150784,0.0,64.7179,88889.6717529297
2026-07-17 13:20:01,gpu45,1,22,30.0,1451.3738132166238,0.0,64.7179,88889.6717529297
2026-07-17 13:20:01,gpu45,1,23,31.0,1453.33084578851,0.0,64.7179,88889.6717529297
2026-07-17 13:25:01,gpu45,0,0,29.0,1431.3825667107583,0.0,53.6275,231982.4111328125
2026-07-17 13:25:01,gpu45,0,1,28.0,1431.962357528565,0.0,53.6275,231982.4111328125
2026-07-17 13:25:01,gpu45,0,2,29.0,1428.3216874951427,0.0,53.6275,231982.4111328125
2026-07-17 13:25:01,gpu45,0,3,26.0,1423.5810067121442,0.0,53.6275,231982.4111328125
2026-07-17 13:25:01,gpu45,0,4,26.0,1419.0297484551052,0.0,53.6275,231982.4111328125
2026-07-17 13:25:01,gpu45,0,5,27.0,1417.450714904084,0.0,53.6275,231982.4111328125
2026-07-17 13:25:01,gpu45,0,6,28.0,1417.5914544508078,0.0,53.6275,231982.4111328125
2026-07-17 13:25:01,gpu45,0,7,26.0,1421.7581956160586,0.0,53.6275,231982.4111328125
2026-07-17 13:25:01,gpu45,0,8,26.0,1415.4531224923946,0.0,53.6275,231982.4111328125
2026-07-17 13:25:01,gpu45,0,9,26.0,1419.9311561303614,0.0,53.6275,231982.4111328125
2026-07-17 13:25:01,gpu45,0,10,29.0,1415.4085583447222,0.0,53.6275,231982.4111328125
2026-07-17 13:25:01,gpu45,0,11,28.0,1417.2273160717023,0.0,53.6275,231982.4111328125
2026-07-17 13:25:01,gpu45,0,12,26.0,1418.4315118092245,0.0,53.6275,231982.4111328125
2026-07-17 13:25:01,gpu45,0,13,26.0,1412.629236358958,0.0,53.6275,231982.4111328125
2026-07-17 13:25:01,gpu45,0,14,26.0,1417.3945681554162,0.0,53.6275,231982.4111328125
2026-07-17 13:25:01,gpu45,0,15,28.0,1417.463169930577,0.0,53.6275,231982.4111328125
2026-07-17 13:25:01,gpu45,0,16,27.0,1417.7286764056435,0.0,53.6275,231982.4111328125
2026-07-17 13:25:01,gpu45,0,17,27.0,1416.989258135869,0.0,53.6275,231982.4111328125
2026-07-17 13:25:01,gpu45,0,18,28.0,1418.394105555794,0.0,53.6275,231982.4111328125
2026-07-17 13:25:01,gpu45,0,19,25.0,1416.9878575451935,0.0,53.6275,231982.4111328125
2026-07-17 13:25:01,gpu45,0,20,25.0,1422.559582796425,0.0,53.6275,231982.4111328125
2026-07-17 13:25:01,gpu45,0,21,25.0,1419.5345850013912,0.0,53.6275,231982.4111328125
2026-07-17 13:25:01,gpu45,0,22,27.0,1416.0452361097023,0.0,53.6275,231982.4111328125
2026-07-17 13:25:01,gpu45,0,23,30.0,1418.7628077145882,0.0,53.6275,231982.4111328125
2026-07-17 13:25:01,gpu45,1,0,35.0,1452.8812023859557,0.0,64.7502,104371.46350097656
2026-07-17 13:25:01,gpu45,1,1,31.0,1457.015745870819,0.0,64.7502,104371.46350097656
2026-07-17 13:25:01,gpu45,1,2,31.0,1452.8091068864703,0.0,64.7502,104371.46350097656
2026-07-17 13:25:01,gpu45,1,3,28.0,1454.1832304690297,0.0,64.7502,104371.46350097656
2026-07-17 13:25:01,gpu45,1,4,30.0,1458.2674797147777,0.0,64.7502,104371.46350097656
2026-07-17 13:25:01,gpu45,1,5,30.0,1456.0377873836524,0.0,64.7502,104371.46350097656
2026-07-17 13:25:01,gpu45,1,6,30.0,1452.6440796664576,0.0,64.7502,104371.46350097656
2026-07-17 13:25:01,gpu45,1,7,28.0,1455.6340578972624,0.0,64.7502,104371.46350097656
2026-07-17 13:25:01,gpu45,1,8,29.0,1451.5876745033004,0.0,64.7502,104371.46350097656
2026-07-17 13:25:01,gpu45,1,9,28.0,1453.5812247995063,0.0,64.7502,104371.46350097656
2026-07-17 13:25:01,gpu45,1,10,29.0,1452.307649801973,0.0,64.7502,104371.46350097656
2026-07-17 13:25:01,gpu45,1,11,30.0,1452.7144966186515,0.0,64.7502,104371.46350097656
2026-07-17 13:25:01,gpu45,1,12,29.0,1450.6358105767233,0.0,64.7502,104371.46350097656
2026-07-17 13:25:01,gpu45,1,13,27.0,1453.9421173090443,0.0,64.7502,104371.46350097656
2026-07-17 13:25:01,gpu45,1,14,30.0,1452.803175462823,0.0,64.7502,104371.46350097656
2026-07-17 13:25:01,gpu45,1,15,31.0,1453.5339518364415,0.0,64.7502,104371.46350097656
2026-07-17 13:25:01,gpu45,1,16,30.0,1453.4646249602615,0.0,64.7502,104371.46350097656
2026-07-17 13:25:01,gpu45,1,17,27.0,1453.4210823016701,0.0,64.7502,104371.46350097656
2026-07-17 13:25:01,gpu45,1,18,30.0,1454.9851820042934,0.0,64.7502,104371.46350097656
2026-07-17 13:25:01,gpu45,1,19,26.0,1454.088511526773,0.0,64.7502,104371.46350097656
2026-07-17 13:25:01,gpu45,1,20,28.0,1453.2770218876258,0.0,64.7502,104371.46350097656
2026-07-17 13:25:01,gpu45,1,21,29.0,1454.5123201167119,0.0,64.7502,104371.46350097656
2026-07-17 13:25:01,gpu45,1,22,30.0,1451.3717685273357,0.0,64.7502,104371.46350097656
2026-07-17 13:25:01,gpu45,1,23,31.0,1453.3287620196845,0.0,64.7502,104371.46350097656
2026-07-17 13:30:01,gpu45,0,0,29.0,1431.380293828432,0.06,53.3974,247985.51293945312
2026-07-17 13:30:01,gpu45,0,1,29.0,1431.9602231884699,0.0,53.3974,247985.51293945312
2026-07-17 13:30:01,gpu45,0,2,29.0,1428.3195474795473,0.0,53.3974,247985.51293945312
2026-07-17 13:30:01,gpu45,0,3,26.0,1423.5787982323886,0.0,53.3974,247985.51293945312
2026-07-17 13:30:01,gpu45,0,4,26.0,1419.0275657928348,0.0,53.3974,247985.51293945312
2026-07-17 13:30:01,gpu45,0,5,27.0,1417.4485245437072,0.0,53.3974,247985.51293945312
2026-07-17 13:30:01,gpu45,0,6,28.0,1417.5892401014842,0.0,53.3974,247985.51293945312
2026-07-17 13:30:01,gpu45,0,7,26.0,1421.756016773262,0.99,53.3974,247985.51293945312
2026-07-17 13:30:01,gpu45,0,8,26.0,1415.4509264041874,0.0,53.3974,247985.51293945312
2026-07-17 13:30:01,gpu45,0,9,27.0,1419.92897405538,0.0,53.3974,247985.51293945312
2026-07-17 13:30:01,gpu45,0,10,29.0,1415.40635136678,0.0,53.3974,247985.51293945312
2026-07-17 13:30:01,gpu45,0,11,28.0,1417.2247239008645,0.0,53.3974,247985.51293945312
2026-07-17 13:30:01,gpu45,0,12,26.0,1418.4292996076779,0.0,53.3974,247985.51293945312
2026-07-17 13:30:01,gpu45,0,13,27.0,1412.6270059675876,0.0,53.3974,247985.51293945312
2026-07-17 13:30:01,gpu45,0,14,26.0,1417.392392117499,0.0,53.3974,247985.51293945312
2026-07-17 13:30:01,gpu45,0,15,28.0,1417.4609619856162,0.0,53.3974,247985.51293945312
2026-07-17 13:30:01,gpu45,0,16,26.0,1417.7260423806933,0.0,53.3974,247985.51293945312
2026-07-17 13:30:01,gpu45,0,17,27.0,1416.9870442800313,0.99,53.3974,247985.51293945312
2026-07-17 13:30:01,gpu45,0,18,28.0,1418.3919057723,0.0,53.3974,247985.51293945312
2026-07-17 13:30:01,gpu45,0,19,25.0,1416.9856438577744,0.0,53.3974,247985.51293945312
2026-07-17 13:30:01,gpu45,0,20,26.0,1422.5573509274218,0.0,53.3974,247985.51293945312
2026-07-17 13:30:01,gpu45,0,21,25.0,1419.5323342585375,0.0,53.3974,247985.51293945312
2026-07-17 13:30:01,gpu45,0,22,28.0,1416.0429860715412,0.0,53.3974,247985.51293945312
2026-07-17 13:30:01,gpu45,0,23,29.0,1418.7605869176552,0.0,53.3974,247985.51293945312
2026-07-17 13:30:01,gpu45,1,0,35.0,1452.8790610093872,0.0,64.8117,119857.62921142578
2026-07-17 13:30:01,gpu45,1,1,31.0,1457.0136524596326,0.0,64.8117,119857.62921142578
2026-07-17 13:30:01,gpu45,1,2,31.0,1452.8076177002804,0.0,64.8117,119857.62921142578
2026-07-17 13:30:01,gpu45,1,3,28.0,1454.181087490857,0.0,64.8117,119857.62921142578
2026-07-17 13:30:01,gpu45,1,4,29.0,1458.265453715843,0.0,64.8117,119857.62921142578
2026-07-17 13:30:01,gpu45,1,5,30.0,1456.0357485198433,0.0,64.8117,119857.62921142578
2026-07-17 13:30:01,gpu45,1,6,30.0,1452.6418975964255,0.0,64.8117,119857.62921142578
2026-07-17 13:30:01,gpu45,1,7,28.0,1455.6320189223318,0.0,64.8117,119857.62921142578
2026-07-17 13:30:01,gpu45,1,8,28.0,1451.586307807073,0.0,64.8117,119857.62921142578
2026-07-17 13:30:01,gpu45,1,9,28.0,1453.579928533294,0.0,64.8117,119857.62921142578
2026-07-17 13:30:01,gpu45,1,10,29.0,1452.305794807536,0.0,64.8117,119857.62921142578
2026-07-17 13:30:01,gpu45,1,11,30.0,1452.7126666359104,0.0,64.8117,119857.62921142578
2026-07-17 13:30:01,gpu45,1,12,29.0,1450.6337505961226,0.0,64.8117,119857.62921142578
2026-07-17 13:30:01,gpu45,1,13,28.0,1453.9400611626243,0.0,64.8117,119857.62921142578
2026-07-17 13:30:01,gpu45,1,14,30.0,1452.8011491587708,0.99,64.8117,119857.62921142578
2026-07-17 13:30:01,gpu45,1,15,31.0,1453.53192020122,0.0,64.8117,119857.62921142578
2026-07-17 13:30:01,gpu45,1,16,30.0,1453.4625689257393,0.0,64.8117,119857.62921142578
2026-07-17 13:30:01,gpu45,1,17,27.0,1453.4189585200563,0.0,64.8117,119857.62921142578
2026-07-17 13:30:01,gpu45,1,18,30.0,1454.983036730106,0.0,64.8117,119857.62921142578
2026-07-17 13:30:01,gpu45,1,19,27.0,1454.0864566029456,0.0,64.8117,119857.62921142578
2026-07-17 13:30:01,gpu45,1,20,28.0,1453.2750004166667,0.0,64.8117,119857.62921142578
2026-07-17 13:30:01,gpu45,1,21,29.0,1454.510266817401,0.0,64.8117,119857.62921142578
2026-07-17 13:30:01,gpu45,1,22,30.0,1451.369718320753,0.0,64.8117,119857.62921142578
2026-07-17 13:30:01,gpu45,1,23,31.0,1453.3266694610165,0.0,64.8117,119857.62921142578
2026-07-17 13:35:01,gpu45,0,0,30.0,1431.3780261609963,0.04,53.5362,1869.1258544921875
2026-07-17 13:35:01,gpu45,0,1,29.0,1431.958083248443,0.0,53.5362,1869.1258544921875
2026-07-17 13:35:01,gpu45,0,2,29.0,1428.317401477455,0.0,53.5362,1869.1258544921875
2026-07-17 13:35:01,gpu45,0,3,26.0,1423.5765835568416,0.0,53.5362,1869.1258544921875
2026-07-17 13:35:01,gpu45,0,4,26.0,1419.0253784688166,0.0,53.5362,1869.1258544921875
2026-07-17 13:35:01,gpu45,0,5,27.0,1417.4463278396738,0.0,53.5362,1869.1258544921875
2026-07-17 13:35:01,gpu45,0,6,28.0,1417.5870162203303,0.0,53.5362,1869.1258544921875
2026-07-17 13:35:01,gpu45,0,7,26.0,1421.7538312077859,0.0,53.5362,1869.1258544921875
2026-07-17 13:35:01,gpu45,0,8,26.0,1415.448724268885,0.0,53.5362,1869.1258544921875
2026-07-17 13:35:01,gpu45,0,9,27.0,1419.926786782091,0.0,53.5362,1869.1258544921875
2026-07-17 13:35:01,gpu45,0,10,29.0,1415.4041401830218,0.0,53.5362,1869.1258544921875
2026-07-17 13:35:01,gpu45,0,11,28.0,1417.2221313797697,0.0,53.5362,1869.1258544921875
2026-07-17 13:35:01,gpu45,0,12,27.0,1418.4270810564335,0.0,53.5362,1869.1258544921875
2026-07-17 13:35:01,gpu45,0,13,26.0,1412.6246854512592,0.0,53.5362,1869.1258544921875
2026-07-17 13:35:01,gpu45,0,14,26.0,1417.3902083896255,0.0,53.5362,1869.1258544921875
2026-07-17 13:35:01,gpu45,0,15,28.0,1417.4587438691462,0.0,53.5362,1869.1258544921875
2026-07-17 13:35:01,gpu45,0,16,27.0,1417.7234094304852,0.0,53.5362,1869.1258544921875
2026-07-17 13:35:01,gpu45,0,17,27.0,1416.9848242052633,1.0,53.5362,1869.1258544921875
2026-07-17 13:35:01,gpu45,0,18,28.0,1418.3896963129957,0.0,53.5362,1869.1258544921875
2026-07-17 13:35:01,gpu45,0,19,25.0,1416.98341292826,0.0,53.5362,1869.1258544921875
2026-07-17 13:35:01,gpu45,0,20,26.0,1422.555114626054,0.0,53.5362,1869.1258544921875
2026-07-17 13:35:01,gpu45,0,21,25.0,1419.5300883588727,0.0,53.5362,1869.1258544921875
2026-07-17 13:35:01,gpu45,0,22,27.0,1416.040716005443,0.0,53.5362,1869.1258544921875
2026-07-17 13:35:01,gpu45,0,23,30.0,1418.7583472396,0.0,53.5362,1869.1258544921875
2026-07-17 13:35:01,gpu45,1,0,34.0,1452.8769167797914,0.0,64.6361,135367.78619384766
2026-07-17 13:35:01,gpu45,1,1,31.0,1457.011546729436,0.0,64.6361,135367.78619384766
2026-07-17 13:35:01,gpu45,1,2,31.0,1452.8055195191191,0.0,64.6361,135367.78619384766
2026-07-17 13:35:01,gpu45,1,3,28.0,1454.1789600524244,0.0,64.6361,135367.78619384766
2026-07-17 13:35:01,gpu45,1,4,30.0,1458.263402935652,0.0,64.6361,135367.78619384766
2026-07-17 13:35:01,gpu45,1,5,30.0,1456.03370456982,0.0,64.6361,135367.78619384766
2026-07-17 13:35:01,gpu45,1,6,31.0,1452.6398590024564,0.0,64.6361,135367.78619384766
2026-07-17 13:35:01,gpu45,1,7,28.0,1455.6299642757847,0.0,64.6361,135367.78619384766
2026-07-17 13:35:01,gpu45,1,8,28.0,1451.58536700989,0.0,64.6361,135367.78619384766
2026-07-17 13:35:01,gpu45,1,9,28.0,1453.5785479364408,0.0,64.6361,135367.78619384766
2026-07-17 13:35:01,gpu45,1,10,29.0,1452.3041637330978,0.0,64.6361,135367.78619384766
2026-07-17 13:35:01,gpu45,1,11,30.0,1452.7108300017485,0.0,64.6361,135367.78619384766
2026-07-17 13:35:01,gpu45,1,12,29.0,1450.631684631514,0.0,64.6361,135367.78619384766
2026-07-17 13:35:01,gpu45,1,13,27.0,1453.9379981263824,0.0,64.6361,135367.78619384766
2026-07-17 13:35:01,gpu45,1,14,30.0,1452.799116565497,0.99,64.6361,135367.78619384766
2026-07-17 13:35:01,gpu45,1,15,31.0,1453.529881949058,0.0,64.6361,135367.78619384766
2026-07-17 13:35:01,gpu45,1,16,31.0,1453.4605077072106,0.0,64.6361,135367.78619384766
2026-07-17 13:35:01,gpu45,1,17,27.0,1453.416857813639,0.0,64.6361,135367.78619384766
2026-07-17 13:35:01,gpu45,1,18,30.0,1454.9808882184989,0.0,64.6361,135367.78619384766
2026-07-17 13:35:01,gpu45,1,19,27.0,1454.0843907306462,0.0,64.6361,135367.78619384766
2026-07-17 13:35:01,gpu45,1,20,28.0,1453.272968546769,0.0,64.6361,135367.78619384766
2026-07-17 13:35:01,gpu45,1,21,29.0,1454.508207822236,0.0,64.6361,135367.78619384766
2026-07-17 13:35:01,gpu45,1,22,30.0,1451.367663693325,0.0,64.6361,135367.78619384766
2026-07-17 13:35:01,gpu45,1,23,31.0,1453.3245880569843,0.0,64.6361,135367.78619384766
2026-07-17 13:40:01,gpu45,0,0,28.0,1431.3757501111138,0.0,53.3169,17877.303771972656
2026-07-17 13:40:01,gpu45,0,1,27.0,1431.9559418846627,0.0,53.3169,17877.303771972656
2026-07-17 13:40:01,gpu45,0,2,28.0,1428.3152534474877,0.0,53.3169,17877.303771972656
2026-07-17 13:40:01,gpu45,0,3,24.0,1423.574369623177,0.0,53.3169,17877.303771972656
2026-07-17 13:40:01,gpu45,0,4,25.0,1419.0231855702082,0.0,53.3169,17877.303771972656
2026-07-17 13:40:01,gpu45,0,5,26.0,1417.4441307271645,0.0,53.3169,17877.303771972656
2026-07-17 13:40:01,gpu45,0,6,26.0,1417.5847902037913,0.0,53.3169,17877.303771972656
2026-07-17 13:40:01,gpu45,0,7,25.0,1421.7513354976636,0.0,53.3169,17877.303771972656
2026-07-17 13:40:01,gpu45,0,8,25.0,1415.4465209152986,0.0,53.3169,17877.303771972656
2026-07-17 13:40:01,gpu45,0,9,25.0,1419.92459893739,0.0,53.3169,17877.303771972656
2026-07-17 13:40:01,gpu45,0,10,28.0,1415.4019301456437,0.0,53.3169,17877.303771972656
2026-07-17 13:40:01,gpu45,0,11,27.0,1417.219854856739,0.0,53.3169,17877.303771972656
2026-07-17 13:40:01,gpu45,0,12,25.0,1418.4248632648869,0.0,53.3169,17877.303771972656
2026-07-17 13:40:01,gpu45,0,13,25.0,1412.6224283240979,0.0,53.3169,17877.303771972656
2026-07-17 13:40:01,gpu45,0,14,26.0,1417.388021819009,0.0,53.3169,17877.303771972656
2026-07-17 13:40:01,gpu45,0,15,27.0,1417.4565274711053,0.0,53.3169,17877.303771972656
2026-07-17 13:40:01,gpu45,0,16,26.0,1417.720889672164,0.0,53.3169,17877.303771972656
2026-07-17 13:40:01,gpu45,0,17,26.0,1416.9824910707243,0.0,53.3169,17877.303771972656
2026-07-17 13:40:01,gpu45,0,18,27.0,1418.3874867105242,0.0,53.3169,17877.303771972656
2026-07-17 13:40:01,gpu45,0,19,24.0,1416.981202919614,0.0,53.3169,17877.303771972656
2026-07-17 13:40:01,gpu45,0,20,25.0,1422.5528817190345,0.0,53.3169,17877.303771972656
2026-07-17 13:40:01,gpu45,0,21,25.0,1419.5278374087327,0.0,53.3169,17877.303771972656
2026-07-17 13:40:01,gpu45,0,22,27.0,1416.0384655865873,0.0,53.3169,17877.303771972656
2026-07-17 13:40:01,gpu45,0,23,28.0,1418.7561236179993,0.0,53.3169,17877.303771972656
2026-07-17 13:40:01,gpu45,1,0,30.0,1452.8746628338197,0.0,64.8079,150881.12994384766
2026-07-17 13:40:01,gpu45,1,1,30.0,1457.0094224254403,0.0,64.8079,150881.12994384766
2026-07-17 13:40:01,gpu45,1,2,31.0,1452.8037643747336,0.0,64.8079,150881.12994384766
2026-07-17 13:40:01,gpu45,1,3,27.0,1454.1768155039736,0.0,64.8079,150881.12994384766
2026-07-17 13:40:01,gpu45,1,4,29.0,1458.261364541551,0.0,64.8079,150881.12994384766
2026-07-17 13:40:01,gpu45,1,5,29.0,1456.0316689443491,0.0,64.8079,150881.12994384766
2026-07-17 13:40:01,gpu45,1,6,29.0,1452.637795479648,0.0,64.8079,150881.12994384766
2026-07-17 13:40:01,gpu45,1,7,27.0,1455.6279165572935,0.0,64.8079,150881.12994384766
2026-07-17 13:40:01,gpu45,1,8,27.0,1451.584213654882,0.0,64.8079,150881.12994384766
2026-07-17 13:40:01,gpu45,1,9,27.0,1453.5772418714485,0.0,64.8079,150881.12994384766
2026-07-17 13:40:01,gpu45,1,10,30.0,1452.302564282592,0.0,64.8079,150881.12994384766
2026-07-17 13:40:01,gpu45,1,11,29.0,1452.708778993139,0.0,64.8079,150881.12994384766
2026-07-17 13:40:01,gpu45,1,12,29.0,1450.629621773826,0.0,64.8079,150881.12994384766
2026-07-17 13:40:01,gpu45,1,13,26.0,1453.9359753204635,0.0,64.8079,150881.12994384766
2026-07-17 13:40:01,gpu45,1,14,29.0,1452.7970879740365,0.0,64.8079,150881.12994384766
2026-07-17 13:40:01,gpu45,1,15,30.0,1453.5278550442497,0.0,64.8079,150881.12994384766
2026-07-17 13:40:01,gpu45,1,16,29.0,1453.4584496945176,0.0,64.8079,150881.12994384766
2026-07-17 13:40:01,gpu45,1,17,26.0,1453.4147583287863,0.0,64.8079,150881.12994384766
2026-07-17 13:40:01,gpu45,1,18,29.0,1454.978738334588,0.0,64.8079,150881.12994384766
2026-07-17 13:40:01,gpu45,1,19,26.0,1454.0823354765296,0.0,64.8079,150881.12994384766
2026-07-17 13:40:01,gpu45,1,20,27.0,1453.2709405060307,0.0,64.8079,150881.12994384766
2026-07-17 13:40:01,gpu45,1,21,28.0,1454.5061516204973,0.0,64.8079,150881.12994384766
2026-07-17 13:40:01,gpu45,1,22,29.0,1451.3656135964502,0.0,64.8079,150881.12994384766
2026-07-17 13:40:01,gpu45,1,23,30.0,1453.3224935653873,0.0,64.8079,150881.12994384766
2026-07-17 13:45:01,gpu45,0,0,29.0,1431.373485757293,0.02,53.5254,33846.949462890625
2026-07-17 13:45:01,gpu45,0,1,28.0,1431.9537933069064,0.0,53.5254,33846.949462890625
2026-07-17 13:45:01,gpu45,0,2,29.0,1428.3131157806954,0.0,53.5254,33846.949462890625
2026-07-17 13:45:01,gpu45,0,3,25.0,1423.572159544539,0.0,53.5254,33846.949462890625
2026-07-17 13:45:01,gpu45,0,4,25.0,1419.0210095529465,0.0,53.5254,33846.949462890625
2026-07-17 13:45:01,gpu45,0,5,27.0,1417.441944116584,0.0,53.5254,33846.949462890625
2026-07-17 13:45:01,gpu45,0,6,28.0,1417.582585856377,0.0,53.5254,33846.949462890625
2026-07-17 13:45:01,gpu45,0,7,25.0,1421.7487471103957,0.0,53.5254,33846.949462890625
2026-07-17 13:45:01,gpu45,0,8,26.0,1415.444325504304,0.0,53.5254,33846.949462890625
2026-07-17 13:45:01,gpu45,0,9,26.0,1419.9224140541762,0.0,53.5254,33846.949462890625
2026-07-17 13:45:01,gpu45,0,10,28.0,1415.3997270887933,0.0,53.5254,33846.949462890625
2026-07-17 13:45:01,gpu45,0,11,28.0,1417.2176487934678,0.0,53.5254,33846.949462890625
2026-07-17 13:45:01,gpu45,0,12,26.0,1418.4226526457119,0.0,53.5254,33846.949462890625
2026-07-17 13:45:01,gpu45,0,13,26.0,1412.6201479789354,0.0,53.5254,33846.949462890625
2026-07-17 13:45:01,gpu45,0,14,26.0,1417.3857891643881,0.0,53.5254,33846.949462890625
2026-07-17 13:45:01,gpu45,0,15,28.0,1417.4543262497862,0.0,53.5254,33846.949462890625
2026-07-17 13:45:01,gpu45,0,16,27.0,1417.7186869075713,0.0,53.5254,33846.949462890625
2026-07-17 13:45:01,gpu45,0,17,27.0,1416.9798999340603,0.0,53.5254,33846.949462890625
2026-07-17 13:45:01,gpu45,0,18,28.0,1418.3852850320732,0.0,53.5254,33846.949462890625
2026-07-17 13:45:01,gpu45,0,19,25.0,1416.9789940604508,0.0,53.5254,33846.949462890625
2026-07-17 13:45:01,gpu45,0,20,25.0,1422.550615830787,0.0,53.5254,33846.949462890625
2026-07-17 13:45:01,gpu45,0,21,25.0,1419.525585935781,0.0,53.5254,33846.949462890625
2026-07-17 13:45:01,gpu45,0,22,27.0,1416.0362262016756,0.0,53.5254,33846.949462890625
2026-07-17 13:45:01,gpu45,0,23,29.0,1418.7539105561734,0.0,53.5254,33846.949462890625
2026-07-17 13:45:01,gpu45,1,0,31.0,1452.872536403618,0.0,64.977,166422.73974609375
2026-07-17 13:45:01,gpu45,1,1,31.0,1457.0073579096997,0.0,64.977,166422.73974609375
2026-07-17 13:45:01,gpu45,1,2,31.0,1452.8016284113103,0.0,64.977,166422.73974609375
2026-07-17 13:45:01,gpu45,1,3,27.0,1454.1746826799667,0.0,64.977,166422.73974609375
2026-07-17 13:45:01,gpu45,1,4,33.0,1458.259354972628,0.0,64.977,166422.73974609375
2026-07-17 13:45:01,gpu45,1,5,29.0,1456.0296320114946,0.0,64.977,166422.73974609375
2026-07-17 13:45:01,gpu45,1,6,30.0,1452.6357410080182,0.99,64.977,166422.73974609375
2026-07-17 13:45:01,gpu45,1,7,27.0,1455.625868715676,0.0,64.977,166422.73974609375
2026-07-17 13:45:01,gpu45,1,8,28.0,1451.5834823561881,0.0,64.977,166422.73974609375
2026-07-17 13:45:01,gpu45,1,9,28.0,1453.5757990137051,0.0,64.977,166422.73974609375
2026-07-17 13:45:01,gpu45,1,10,29.0,1452.301051645356,0.0,64.977,166422.73974609375
2026-07-17 13:45:01,gpu45,1,11,30.0,1452.7067713975932,0.0,64.977,166422.73974609375
2026-07-17 13:45:01,gpu45,1,12,29.0,1450.6275617245767,0.0,64.977,166422.73974609375
2026-07-17 13:45:01,gpu45,1,13,27.0,1453.9339195685382,0.0,64.977,166422.73974609375
2026-07-17 13:45:01,gpu45,1,14,29.0,1452.7950627586763,0.0,64.977,166422.73974609375
2026-07-17 13:45:01,gpu45,1,15,31.0,1453.5258258662277,0.0,64.977,166422.73974609375
2026-07-17 13:45:01,gpu45,1,16,30.0,1453.4563976186457,0.0,64.977,166422.73974609375
2026-07-17 13:45:01,gpu45,1,17,27.0,1453.4126344476122,0.0,64.977,166422.73974609375
2026-07-17 13:45:01,gpu45,1,18,29.0,1454.976677240121,0.0,64.977,166422.73974609375
2026-07-17 13:45:01,gpu45,1,19,26.0,1454.0802988292219,0.0,64.977,166422.73974609375
2026-07-17 13:45:01,gpu45,1,20,28.0,1453.26891858768,0.0,64.977,166422.73974609375
2026-07-17 13:45:01,gpu45,1,21,29.0,1454.504101216548,0.0,64.977,166422.73974609375
2026-07-17 13:45:01,gpu45,1,22,29.0,1451.3635679235113,0.0,64.977,166422.73974609375
2026-07-17 13:45:01,gpu45,1,23,30.0,1453.3204179881911,0.0,64.977,166422.73974609375
2026-07-17 13:50:01,gpu45,0,0,29.0,1431.3712239238512,0.04,53.4629,49878.61950683594
2026-07-17 13:50:01,gpu45,0,1,28.0,1431.9516600429165,0.0,53.4629,49878.61950683594
2026-07-17 13:50:01,gpu45,0,2,29.0,1428.310974640028,0.0,53.4629,49878.61950683594
2026-07-17 13:50:01,gpu45,0,3,26.0,1423.5699128444896,0.0,53.4629,49878.61950683594
2026-07-17 13:50:01,gpu45,0,4,25.0,1419.0188324438127,0.0,53.4629,49878.61950683594
2026-07-17 13:50:01,gpu45,0,5,27.0,1417.4397582178356,0.0,53.4629,49878.61950683594
2026-07-17 13:50:01,gpu45,0,6,28.0,1417.5803799000003,0.0,53.4629,49878.61950683594
2026-07-17 13:50:01,gpu45,0,7,25.0,1421.7461485733843,0.0,53.4629,49878.61950683594
2026-07-17 13:50:01,gpu45,0,8,26.0,1415.4421271938568,1.0,53.4629,49878.61950683594
2026-07-17 13:50:01,gpu45,0,9,26.0,1419.9202351639624,0.0,53.4629,49878.61950683594
2026-07-17 13:50:01,gpu45,0,10,28.0,1415.3975251884576,0.0,53.4629,49878.61950683594
2026-07-17 13:50:01,gpu45,0,11,28.0,1417.2154418859884,0.0,53.4629,49878.61950683594
2026-07-17 13:50:01,gpu45,0,12,26.0,1418.420443103974,0.0,53.4629,49878.61950683594
2026-07-17 13:50:01,gpu45,0,13,26.0,1412.6178659938143,0.0,53.4629,49878.61950683594
2026-07-17 13:50:01,gpu45,0,14,26.0,1417.3835543167754,0.0,53.4629,49878.61950683594
2026-07-17 13:50:01,gpu45,0,15,28.0,1417.4521271975689,0.0,53.4629,49878.61950683594
2026-07-17 13:50:01,gpu45,0,16,27.0,1417.7164864427555,0.0,53.4629,49878.61950683594
2026-07-17 13:50:01,gpu45,0,17,27.0,1416.9773023829557,0.0,53.4629,49878.61950683594
2026-07-17 13:50:01,gpu45,0,18,28.0,1418.3830875654141,0.0,53.4629,49878.61950683594
2026-07-17 13:50:01,gpu45,0,19,25.0,1416.976783717469,0.0,53.4629,49878.61950683594
2026-07-17 13:50:01,gpu45,0,20,25.0,1422.5484147029656,0.0,53.4629,49878.61950683594
2026-07-17 13:50:01,gpu45,0,21,26.0,1419.5233473809037,0.0,53.4629,49878.61950683594
2026-07-17 13:50:01,gpu45,0,22,27.0,1416.03398485323,0.0,53.4629,49878.61950683594
2026-07-17 13:50:01,gpu45,0,23,30.0,1418.7516950333059,0.0,53.4629,49878.61950683594
2026-07-17 13:50:01,gpu45,1,0,31.0,1452.870362073838,0.0,64.8256,181988.49633789062
2026-07-17 13:50:01,gpu45,1,1,31.0,1457.0052594562042,0.99,64.8256,181988.49633789062
2026-07-17 13:50:01,gpu45,1,2,32.0,1452.7995147909037,0.0,64.8256,181988.49633789062
2026-07-17 13:50:01,gpu45,1,3,28.0,1454.1725544146175,0.0,64.8256,181988.49633789062
2026-07-17 13:50:01,gpu45,1,4,30.0,1458.2573364461812,0.0,64.8256,181988.49633789062
2026-07-17 13:50:01,gpu45,1,5,30.0,1456.0275981721277,0.0,64.8256,181988.49633789062
2026-07-17 13:50:01,gpu45,1,6,30.0,1452.6336850631726,0.0,64.8256,181988.49633789062
2026-07-17 13:50:01,gpu45,1,7,28.0,1455.6238205103075,0.0,64.8256,181988.49633789062
2026-07-17 13:50:01,gpu45,1,8,29.0,1451.5827760114978,0.0,64.8256,181988.49633789062
2026-07-17 13:50:01,gpu45,1,9,28.0,1453.5742918406825,0.0,64.8256,181988.49633789062
2026-07-17 13:50:01,gpu45,1,10,29.0,1452.2996776132488,0.0,64.8256,181988.49633789062
2026-07-17 13:50:01,gpu45,1,11,30.0,1452.7047266573334,0.0,64.8256,181988.49633789062
2026-07-17 13:50:01,gpu45,1,12,30.0,1450.6255037548246,0.0,64.8256,181988.49633789062
2026-07-17 13:50:01,gpu45,1,13,28.0,1453.9318636782182,0.0,64.8256,181988.49633789062
2026-07-17 13:50:01,gpu45,1,14,30.0,1452.7930381522037,0.0,64.8256,181988.49633789062
2026-07-17 13:50:01,gpu45,1,15,31.0,1453.5237968179342,0.0,64.8256,181988.49633789062
2026-07-17 13:50:01,gpu45,1,16,30.0,1453.4543441592186,0.0,64.8256,181988.49633789062
2026-07-17 13:50:01,gpu45,1,17,27.0,1453.41051120264,0.0,64.8256,181988.49633789062
2026-07-17 13:50:01,gpu45,1,18,30.0,1454.9746177891795,0.0,64.8256,181988.49633789062
2026-07-17 13:50:01,gpu45,1,19,27.0,1454.0782708381023,0.0,64.8256,181988.49633789062
2026-07-17 13:50:01,gpu45,1,20,28.0,1453.266884854941,0.0,64.8256,181988.49633789062
2026-07-17 13:50:01,gpu45,1,21,29.0,1454.502050839446,0.0,64.8256,181988.49633789062
2026-07-17 13:50:01,gpu45,1,22,30.0,1451.3615220723898,0.0,64.8256,181988.49633789062
2026-07-17 13:50:01,gpu45,1,23,31.0,1453.318331193558,0.0,64.8256,181988.49633789062
2026-07-17 13:55:01,gpu45,0,0,29.0,1431.3689420217927,0.0,53.4779,65887.5784301758
2026-07-17 13:55:01,gpu45,0,1,27.0,1431.9495174112656,0.0,53.4779,65887.5784301758
2026-07-17 13:55:01,gpu45,0,2,29.0,1428.308825058619,0.0,53.4779,65887.5784301758
2026-07-17 13:55:01,gpu45,0,3,25.0,1423.5676877343149,0.0,53.4779,65887.5784301758
2026-07-17 13:55:01,gpu45,0,4,25.0,1419.016606328106,0.0,53.4779,65887.5784301758
2026-07-17 13:55:01,gpu45,0,5,26.0,1417.437560547524,0.0,53.4779,65887.5784301758
2026-07-17 13:55:01,gpu45,0,6,27.0,1417.5781552524406,0.0,53.4779,65887.5784301758
2026-07-17 13:55:01,gpu45,0,7,25.0,1421.7435209641226,0.0,53.4779,65887.5784301758
2026-07-17 13:55:01,gpu45,0,8,26.0,1415.439925439073,0.0,53.4779,65887.5784301758
2026-07-17 13:55:01,gpu45,0,9,26.0,1419.9180399558247,0.0,53.4779,65887.5784301758
2026-07-17 13:55:01,gpu45,0,10,28.0,1415.3953132931113,0.0,53.4779,65887.5784301758
2026-07-17 13:55:01,gpu45,0,11,27.0,1417.2132248217092,0.0,53.4779,65887.5784301758
2026-07-17 13:55:01,gpu45,0,12,26.0,1418.4182233657277,0.0,53.4779,65887.5784301758
2026-07-17 13:55:01,gpu45,0,13,26.0,1412.6155695131176,0.0,53.4779,65887.5784301758
2026-07-17 13:55:01,gpu45,0,14,26.0,1417.3813161422827,0.0,53.4779,65887.5784301758
2026-07-17 13:55:01,gpu45,0,15,27.0,1417.4499050071624,0.0,53.4779,65887.5784301758
2026-07-17 13:55:01,gpu45,0,16,26.0,1417.7142725109495,0.0,53.4779,65887.5784301758
2026-07-17 13:55:01,gpu45,0,17,27.0,1416.9746952588616,0.0,53.4779,65887.5784301758
2026-07-17 13:55:01,gpu45,0,18,28.0,1418.380877730343,0.0,53.4779,65887.5784301758
2026-07-17 13:55:01,gpu45,0,19,24.0,1416.9745618441225,0.0,53.4779,65887.5784301758
2026-07-17 13:55:01,gpu45,0,20,24.0,1422.5462173934923,0.0,53.4779,65887.5784301758
2026-07-17 13:55:01,gpu45,0,21,25.0,1419.5210902597912,0.0,53.4779,65887.5784301758
2026-07-17 13:55:01,gpu45,0,22,27.0,1416.031734847074,0.0,53.4779,65887.5784301758
2026-07-17 13:55:01,gpu45,0,23,29.0,1418.7494698442358,0.0,53.4779,65887.5784301758
2026-07-17 13:55:01,gpu45,1,0,30.0,1452.8681881171988,0.0,64.9437,197515.96612548828
2026-07-17 13:55:01,gpu45,1,1,30.0,1457.0031140689052,0.0,64.9437,197515.96612548828
2026-07-17 13:55:01,gpu45,1,2,30.0,1452.7973752177147,0.0,64.9437,197515.96612548828
2026-07-17 13:55:01,gpu45,1,3,28.0,1454.1704138400444,0.0,64.9437,197515.96612548828
2026-07-17 13:55:01,gpu45,1,4,29.0,1458.2552398478822,0.0,64.9437,197515.96612548828
2026-07-17 13:55:01,gpu45,1,5,29.0,1456.0255553293623,0.0,64.9437,197515.96612548828
2026-07-17 13:55:01,gpu45,1,6,29.0,1452.63161553447,0.0,64.9437,197515.96612548828
2026-07-17 13:55:01,gpu45,1,7,28.0,1455.62175883087,0.0,64.9437,197515.96612548828
2026-07-17 13:55:01,gpu45,1,8,31.0,1451.5819939945616,0.0,64.9437,197515.96612548828
2026-07-17 13:55:01,gpu45,1,9,28.0,1453.5731239851355,0.0,64.9437,197515.96612548828
2026-07-17 13:55:01,gpu45,1,10,28.0,1452.298069703859,0.0,64.9437,197515.96612548828
2026-07-17 13:55:01,gpu45,1,11,29.0,1452.7026668830983,0.0,64.9437,197515.96612548828
2026-07-17 13:55:01,gpu45,1,12,29.0,1450.6234304774187,0.0,64.9437,197515.96612548828
2026-07-17 13:55:01,gpu45,1,13,27.0,1453.9297964698794,0.0,64.9437,197515.96612548828
2026-07-17 13:55:01,gpu45,1,14,29.0,1452.7909998146122,0.0,64.9437,197515.96612548828
2026-07-17 13:55:01,gpu45,1,15,30.0,1453.5217532952486,0.0,64.9437,197515.96612548828
2026-07-17 13:55:01,gpu45,1,16,30.0,1453.4522749295766,0.0,64.9437,197515.96612548828
2026-07-17 13:55:01,gpu45,1,17,26.0,1453.4083719448931,0.0,64.9437,197515.96612548828
2026-07-17 13:55:01,gpu45,1,18,29.0,1454.9725554768354,0.0,64.9437,197515.96612548828
2026-07-17 13:55:01,gpu45,1,19,27.0,1454.0762267362052,0.0,64.9437,197515.96612548828
2026-07-17 13:55:01,gpu45,1,20,27.0,1453.2648417996822,0.0,64.9437,197515.96612548828
2026-07-17 13:55:01,gpu45,1,21,28.0,1454.4999859373215,0.0,64.9437,197515.96612548828
2026-07-17 13:55:01,gpu45,1,22,29.0,1451.3594833416732,0.0,64.9437,197515.96612548828
2026-07-17 13:55:01,gpu45,1,23,30.0,1453.3162458997779,0.0,64.9437,197515.96612548828
2026-07-17 14:00:01,gpu45,0,0,29.0,1431.366680731875,0.02,53.3844,81897.716796875
2026-07-17 14:00:01,gpu45,0,1,28.0,1431.9473863386575,0.0,53.3844,81897.716796875
2026-07-17 14:00:01,gpu45,0,2,29.0,1428.306686471409,0.0,53.3844,81897.716796875
2026-07-17 14:00:01,gpu45,0,3,26.0,1423.5654812821685,0.0,53.3844,81897.716796875
2026-07-17 14:00:01,gpu45,0,4,25.0,1419.0143699094679,0.0,53.3844,81897.716796875
2026-07-17 14:00:01,gpu45,0,5,27.0,1417.435373949624,0.0,53.3844,81897.716796875
2026-07-17 14:00:01,gpu45,0,6,28.0,1417.5759141459682,0.0,53.3844,81897.716796875
2026-07-17 14:00:01,gpu45,0,7,26.0,1421.7409163449136,0.0,53.3844,81897.716796875
2026-07-17 14:00:01,gpu45,0,8,26.0,1415.4377327936268,0.0,53.3844,81897.716796875
2026-07-17 14:00:01,gpu45,0,9,26.0,1419.9158604829738,0.0,53.3844,81897.716796875
2026-07-17 14:00:01,gpu45,0,10,29.0,1415.3931110603164,0.0,53.3844,81897.716796875
2026-07-17 14:00:01,gpu45,0,11,28.0,1417.211018190449,0.0,53.3844,81897.716796875
2026-07-17 14:00:01,gpu45,0,12,26.0,1418.416013560657,0.0,53.3844,81897.716796875
2026-07-17 14:00:01,gpu45,0,13,26.0,1412.6133094702766,0.0,53.3844,81897.716796875
2026-07-17 14:00:01,gpu45,0,14,26.0,1417.3790736328785,0.99,53.3844,81897.716796875
2026-07-17 14:00:01,gpu45,0,15,28.0,1417.447701723674,0.0,53.3844,81897.716796875
2026-07-17 14:00:01,gpu45,0,16,27.0,1417.7120691447167,0.0,53.3844,81897.716796875
2026-07-17 14:00:01,gpu45,0,17,27.0,1416.9720987623696,0.0,53.3844,81897.716796875
2026-07-17 14:00:01,gpu45,0,18,28.0,1418.3786778550411,0.0,53.3844,81897.716796875
2026-07-17 14:00:01,gpu45,0,19,25.0,1416.9723484746814,0.0,53.3844,81897.716796875
2026-07-17 14:00:01,gpu45,0,20,25.0,1422.5440233985817,0.0,53.3844,81897.716796875
2026-07-17 14:00:01,gpu45,0,21,25.0,1419.51885346359,0.0,53.3844,81897.716796875
2026-07-17 14:00:01,gpu45,0,22,27.0,1416.0294917694143,0.0,53.3844,81897.716796875
2026-07-17 14:00:01,gpu45,0,23,30.0,1418.747254736935,0.0,53.3844,81897.716796875
2026-07-17 14:00:01,gpu45,1,0,31.0,1452.866052937177,0.0,64.9022,213014.42767333984
2026-07-17 14:00:01,gpu45,1,1,32.0,1457.0010032079165,0.0,64.9022,213014.42767333984
2026-07-17 14:00:01,gpu45,1,2,31.0,1452.7952434122617,0.0,64.9022,213014.42767333984
2026-07-17 14:00:01,gpu45,1,3,28.0,1454.1682972668407,0.0,64.9022,213014.42767333984
2026-07-17 14:00:01,gpu45,1,4,30.0,1458.2532119106813,0.0,64.9022,213014.42767333984
2026-07-17 14:00:01,gpu45,1,5,30.0,1456.0235038736091,0.0,64.9022,213014.42767333984
2026-07-17 14:00:01,gpu45,1,6,30.0,1452.629550046809,0.0,64.9022,213014.42767333984
2026-07-17 14:00:01,gpu45,1,7,28.0,1455.6197064457729,0.0,64.9022,213014.42767333984
2026-07-17 14:00:01,gpu45,1,8,28.0,1451.5812811529047,0.0,64.9022,213014.42767333984
2026-07-17 14:00:01,gpu45,1,9,28.0,1453.5717377431522,0.0,64.9022,213014.42767333984
2026-07-17 14:00:01,gpu45,1,10,29.0,1452.2964677220602,0.0,64.9022,213014.42767333984
2026-07-17 14:00:01,gpu45,1,11,30.0,1452.7006128261562,0.0,64.9022,213014.42767333984
2026-07-17 14:00:01,gpu45,1,12,30.0,1450.621363049546,0.0,64.9022,213014.42767333984
2026-07-17 14:00:01,gpu45,1,13,28.0,1453.9277686077778,0.0,64.9022,213014.42767333984
2026-07-17 14:00:01,gpu45,1,14,30.0,1452.78896744145,0.0,64.9022,213014.42767333984
2026-07-17 14:00:01,gpu45,1,15,31.0,1453.519716867672,0.0,64.9022,213014.42767333984
2026-07-17 14:00:01,gpu45,1,16,30.0,1453.4502136819945,0.0,64.9022,213014.42767333984
2026-07-17 14:00:01,gpu45,1,17,27.0,1453.4062415894116,0.0,64.9022,213014.42767333984
2026-07-17 14:00:01,gpu45,1,18,30.0,1454.9704823237014,0.0,64.9022,213014.42767333984
2026-07-17 14:00:01,gpu45,1,19,27.0,1454.074182390482,0.0,64.9022,213014.42767333984
2026-07-17 14:00:01,gpu45,1,20,28.0,1453.2628094574427,0.0,64.9022,213014.42767333984
2026-07-17 14:00:01,gpu45,1,21,29.0,1454.497928768324,0.0,64.9022,213014.42767333984
2026-07-17 14:00:01,gpu45,1,22,30.0,1451.357429000488,0.0,64.9022,213014.42767333984
2026-07-17 14:00:01,gpu45,1,23,30.0,1453.3141529518368,0.0,64.9022,213014.42767333984
2026-07-17 14:05:01,gpu45,0,0,30.0,1431.3644141121404,0.02,53.3789,97936.1432495117
2026-07-17 14:05:01,gpu45,0,1,28.0,1431.9452496816075,0.0,53.3789,97936.1432495117
2026-07-17 14:05:01,gpu45,0,2,29.0,1428.3045415805639,0.0,53.3789,97936.1432495117
2026-07-17 14:05:01,gpu45,0,3,26.0,1423.5632379047804,0.0,53.3789,97936.1432495117
2026-07-17 14:05:01,gpu45,0,4,26.0,1419.0121733380201,0.0,53.3789,97936.1432495117
2026-07-17 14:05:01,gpu45,0,5,27.0,1417.433183199039,0.0,53.3789,97936.1432495117
2026-07-17 14:05:01,gpu45,0,6,28.0,1417.5737003747279,0.0,53.3789,97936.1432495117
2026-07-17 14:05:01,gpu45,0,7,26.0,1421.7383150689857,0.0,53.3789,97936.1432495117
2026-07-17 14:05:01,gpu45,0,8,26.0,1415.4355368301538,0.0,53.3789,97936.1432495117
2026-07-17 14:05:01,gpu45,0,9,27.0,1419.9136799180792,0.0,53.3789,97936.1432495117
2026-07-17 14:05:01,gpu45,0,10,29.0,1415.3909047349994,0.0,53.3789,97936.1432495117
2026-07-17 14:05:01,gpu45,0,11,28.0,1417.208809494143,0.0,53.3789,97936.1432495117
2026-07-17 14:05:01,gpu45,0,12,26.0,1418.4138009848023,1.0,53.3789,97936.1432495117
2026-07-17 14:05:01,gpu45,0,13,26.0,1412.6110557894594,0.0,53.3789,97936.1432495117
2026-07-17 14:05:01,gpu45,0,14,26.0,1417.3767602341302,0.0,53.3789,97936.1432495117
2026-07-17 14:05:01,gpu45,0,15,28.0,1417.4454973541215,0.0,53.3789,97936.1432495117
2026-07-17 14:05:01,gpu45,0,16,27.0,1417.709863091339,0.0,53.3789,97936.1432495117
2026-07-17 14:05:01,gpu45,0,17,28.0,1416.9694888817507,0.0,53.3789,97936.1432495117
2026-07-17 14:05:01,gpu45,0,18,28.0,1418.3764749795548,0.0,53.3789,97936.1432495117
2026-07-17 14:05:01,gpu45,0,19,25.0,1416.9701369697661,0.0,53.3789,97936.1432495117
2026-07-17 14:05:01,gpu45,0,20,26.0,1422.5418259507167,0.0,53.3789,97936.1432495117
2026-07-17 14:05:01,gpu45,0,21,26.0,1419.5166059860496,0.0,53.3789,97936.1432495117
2026-07-17 14:05:01,gpu45,0,22,28.0,1416.0272541523484,0.0,53.3789,97936.1432495117
2026-07-17 14:05:01,gpu45,0,23,30.0,1418.7450397184455,0.0,53.3789,97936.1432495117
2026-07-17 14:05:01,gpu45,1,0,32.0,1452.8639127543374,0.0,64.8136,228554.59631347656
2026-07-17 14:05:01,gpu45,1,1,32.0,1456.9988782095804,0.0,64.8136,228554.59631347656
2026-07-17 14:05:01,gpu45,1,2,32.0,1452.7931175227225,0.0,64.8136,228554.59631347656
2026-07-17 14:05:01,gpu45,1,3,28.0,1454.166176029995,0.0,64.8136,228554.59631347656
2026-07-17 14:05:01,gpu45,1,4,30.0,1458.2511861089256,0.0,64.8136,228554.59631347656
2026-07-17 14:05:01,gpu45,1,5,30.0,1456.0214609178447,0.0,64.8136,228554.59631347656
2026-07-17 14:05:01,gpu45,1,6,30.0,1452.6274903028054,0.0,64.8136,228554.59631347656
2026-07-17 14:05:01,gpu45,1,7,28.0,1455.6176544161826,0.0,64.8136,228554.59631347656
2026-07-17 14:05:01,gpu45,1,8,29.0,1451.5803140229484,0.0,64.8136,228554.59631347656
2026-07-17 14:05:01,gpu45,1,9,28.0,1453.5703695913915,0.0,64.8136,228554.59631347656
2026-07-17 14:05:01,gpu45,1,10,29.0,1452.2951702205733,0.0,64.8136,228554.59631347656
2026-07-17 14:05:01,gpu45,1,11,30.0,1452.6985632831695,0.0,64.8136,228554.59631347656
2026-07-17 14:05:01,gpu45,1,12,30.0,1450.6193013383859,0.0,64.8136,228554.59631347656
2026-07-17 14:05:01,gpu45,1,13,28.0,1453.92571073394,0.0,64.8136,228554.59631347656
2026-07-17 14:05:01,gpu45,1,14,30.0,1452.7869411569718,0.0,64.8136,228554.59631347656
2026-07-17 14:05:01,gpu45,1,15,31.0,1453.5176856223075,0.0,64.8136,228554.59631347656
2026-07-17 14:05:01,gpu45,1,16,30.0,1453.4481587220516,0.0,64.8136,228554.59631347656
2026-07-17 14:05:01,gpu45,1,17,27.0,1453.4041446832598,0.0,64.8136,228554.59631347656
2026-07-17 14:05:01,gpu45,1,18,30.0,1454.9684187565535,0.0,64.8136,228554.59631347656
2026-07-17 14:05:01,gpu45,1,19,27.0,1454.072140608434,0.0,64.8136,228554.59631347656
2026-07-17 14:05:01,gpu45,1,20,28.0,1453.2607830588531,0.0,64.8136,228554.59631347656
2026-07-17 14:05:01,gpu45,1,21,29.0,1454.4958752141715,0.0,64.8136,228554.59631347656
2026-07-17 14:05:01,gpu45,1,22,30.0,1451.3553794517018,0.0,64.8136,228554.59631347656
2026-07-17 14:05:01,gpu45,1,23,31.0,1453.312062500614,0.0,64.8136,228554.59631347656
2026-07-17 14:10:01,gpu45,0,0,30.0,1431.3621288287063,0.04,53.5411,113962.47143554688
2026-07-17 14:10:01,gpu45,0,1,28.0,1431.9431207802984,0.0,53.5411,113962.47143554688
2026-07-17 14:10:01,gpu45,0,2,29.0,1428.302353713809,0.0,53.5411,113962.47143554688
2026-07-17 14:10:01,gpu45,0,3,26.0,1423.5610356126222,0.0,53.5411,113962.47143554688
2026-07-17 14:10:01,gpu45,0,4,26.0,1419.0100055255732,0.0,53.5411,113962.47143554688
2026-07-17 14:10:01,gpu45,0,5,27.0,1417.43100611918,0.0,53.5411,113962.47143554688
2026-07-17 14:10:01,gpu45,0,6,28.0,1417.5714273178967,0.0,53.5411,113962.47143554688
2026-07-17 14:10:01,gpu45,0,7,26.0,1421.736135960607,0.0,53.5411,113962.47143554688
2026-07-17 14:10:01,gpu45,0,8,27.0,1415.4333532242865,0.0,53.5411,113962.47143554688
2026-07-17 14:10:01,gpu45,0,9,27.0,1419.9115116406062,0.0,53.5411,113962.47143554688
2026-07-17 14:10:01,gpu45,0,10,29.0,1415.3887146281381,0.0,53.5411,113962.47143554688
2026-07-17 14:10:01,gpu45,0,11,28.0,1417.2061953492105,0.0,53.5411,113962.47143554688
2026-07-17 14:10:01,gpu45,0,12,26.0,1418.4116022667968,0.0,53.5411,113962.47143554688
2026-07-17 14:10:01,gpu45,0,13,26.0,1412.6088185009332,0.0,53.5411,113962.47143554688
2026-07-17 14:10:01,gpu45,0,14,26.0,1417.3744841317866,0.0,53.5411,113962.47143554688
2026-07-17 14:10:01,gpu45,0,15,28.0,1417.443247702159,0.0,53.5411,113962.47143554688
2026-07-17 14:10:01,gpu45,0,16,27.0,1417.7076665587642,0.0,53.5411,113962.47143554688
2026-07-17 14:10:01,gpu45,0,17,28.0,1416.9668905497826,0.0,53.5411,113962.47143554688
2026-07-17 14:10:01,gpu45,0,18,28.0,1418.37419805975,0.0,53.5411,113962.47143554688
2026-07-17 14:10:01,gpu45,0,19,25.0,1416.9678737232687,0.0,53.5411,113962.47143554688
2026-07-17 14:10:01,gpu45,0,20,26.0,1422.5396369104087,0.0,53.5411,113962.47143554688
2026-07-17 14:10:01,gpu45,0,21,26.0,1419.5143229866326,0.0,53.5411,113962.47143554688
2026-07-17 14:10:01,gpu45,0,22,28.0,1416.0250319369525,0.0,53.5411,113962.47143554688
2026-07-17 14:10:01,gpu45,0,23,30.0,1418.7428350459072,0.0,53.5411,113962.47143554688
2026-07-17 14:10:01,gpu45,1,0,31.0,1452.8617316487414,0.0,64.6119,244069.1060180664
2026-07-17 14:10:01,gpu45,1,1,32.0,1456.9969637423821,0.0,64.6119,244069.1060180664
2026-07-17 14:10:01,gpu45,1,2,31.0,1452.791542987634,0.0,64.6119,244069.1060180664
2026-07-17 14:10:01,gpu45,1,3,29.0,1454.1640623653836,0.0,64.6119,244069.1060180664
2026-07-17 14:10:01,gpu45,1,4,30.0,1458.2491669650628,0.0,64.6119,244069.1060180664
2026-07-17 14:10:01,gpu45,1,5,29.0,1456.0194071236947,0.0,64.6119,244069.1060180664
2026-07-17 14:10:01,gpu45,1,6,30.0,1452.625435324338,0.99,64.6119,244069.1060180664
2026-07-17 14:10:01,gpu45,1,7,28.0,1455.6156151411267,0.0,64.6119,244069.1060180664
2026-07-17 14:10:01,gpu45,1,8,28.0,1451.5791736917195,0.0,64.6119,244069.1060180664
2026-07-17 14:10:01,gpu45,1,9,28.0,1453.5684210996358,0.0,64.6119,244069.1060180664
2026-07-17 14:10:01,gpu45,1,10,29.0,1452.2937943878965,0.0,64.6119,244069.1060180664
2026-07-17 14:10:01,gpu45,1,11,30.0,1452.6961619540202,0.0,64.6119,244069.1060180664
2026-07-17 14:10:01,gpu45,1,12,30.0,1450.6172379402383,0.0,64.6119,244069.1060180664
2026-07-17 14:10:01,gpu45,1,13,28.0,1453.923722545262,0.0,64.6119,244069.1060180664
2026-07-17 14:10:01,gpu45,1,14,30.0,1452.7849239596321,0.0,64.6119,244069.1060180664
2026-07-17 14:10:01,gpu45,1,15,31.0,1453.515642983225,0.0,64.6119,244069.1060180664
2026-07-17 14:10:01,gpu45,1,16,30.0,1453.4461099155635,0.0,64.6119,244069.1060180664
2026-07-17 14:10:01,gpu45,1,17,28.0,1453.4020486418885,0.0,64.6119,244069.1060180664
2026-07-17 14:10:01,gpu45,1,18,30.0,1454.9663542151884,0.0,64.6119,244069.1060180664
2026-07-17 14:10:01,gpu45,1,19,27.0,1454.0700944909133,0.0,64.6119,244069.1060180664
2026-07-17 14:10:01,gpu45,1,20,28.0,1453.2587575962414,0.0,64.6119,244069.1060180664
2026-07-17 14:10:01,gpu45,1,21,29.0,1454.493826630817,0.99,64.6119,244069.1060180664
2026-07-17 14:10:01,gpu45,1,22,30.0,1451.3533328054236,0.0,64.6119,244069.1060180664
2026-07-17 14:10:01,gpu45,1,23,31.0,1453.3099940853638,0.0,64.6119,244069.1060180664
2026-07-17 14:15:01,gpu45,0,0,29.0,1431.3598336901134,0.0,53.3327,129997.0678100586
2026-07-17 14:15:01,gpu45,0,1,28.0,1431.9409727133548,0.0,53.3327,129997.0678100586
2026-07-17 14:15:01,gpu45,0,2,29.0,1428.3002034737706,0.0,53.3327,129997.0678100586
2026-07-17 14:15:01,gpu45,0,3,26.0,1423.558779218565,0.0,53.3327,129997.0678100586
2026-07-17 14:15:01,gpu45,0,4,25.0,1419.0078153244367,0.0,53.3327,129997.0678100586
2026-07-17 14:15:01,gpu45,0,5,27.0,1417.4288088414512,0.0,53.3327,129997.0678100586
2026-07-17 14:15:01,gpu45,0,6,27.0,1417.5691988796261,0.0,53.3327,129997.0678100586
2026-07-17 14:15:01,gpu45,0,7,25.0,1421.7339430326747,0.0,53.3327,129997.0678100586
2026-07-17 14:15:01,gpu45,0,8,26.0,1415.431132599229,0.0,53.3327,129997.0678100586
2026-07-17 14:15:01,gpu45,0,9,26.0,1419.9093218371884,0.0,53.3327,129997.0678100586
2026-07-17 14:15:01,gpu45,0,10,28.0,1415.3865018774243,0.0,53.3327,129997.0678100586
2026-07-17 14:15:01,gpu45,0,11,28.0,1417.2035511190338,0.0,53.3327,129997.0678100586
2026-07-17 14:15:01,gpu45,0,12,26.0,1418.4093757820783,0.0,53.3327,129997.0678100586
2026-07-17 14:15:01,gpu45,0,13,26.0,1412.6065677177037,0.0,53.3327,129997.0678100586
2026-07-17 14:15:01,gpu45,0,14,26.0,1417.372297831477,0.0,53.3327,129997.0678100586
2026-07-17 14:15:01,gpu45,0,15,27.0,1417.4410239693257,0.0,53.3327,129997.0678100586
2026-07-17 14:15:01,gpu45,0,16,26.0,1417.7054505244841,0.0,53.3327,129997.0678100586
2026-07-17 14:15:01,gpu45,0,17,27.0,1416.9642363085127,0.0,53.3327,129997.0678100586
2026-07-17 14:15:01,gpu45,0,18,28.0,1418.3718443630562,0.0,53.3327,129997.0678100586
2026-07-17 14:15:01,gpu45,0,19,24.0,1416.96565562508,0.0,53.3327,129997.0678100586
2026-07-17 14:15:01,gpu45,0,20,25.0,1422.5374339613593,0.0,53.3327,129997.0678100586
2026-07-17 14:15:01,gpu45,0,21,25.0,1419.5121192332963,0.0,53.3327,129997.0678100586
2026-07-17 14:15:01,gpu45,0,22,27.0,1416.0227829477653,0.0,53.3327,129997.0678100586
2026-07-17 14:15:01,gpu45,0,23,29.0,1418.7406084491386,0.0,53.3327,129997.0678100586
2026-07-17 14:15:01,gpu45,1,0,31.0,1452.8596607055072,0.0,64.5869,259542.94500732422
2026-07-17 14:15:01,gpu45,1,1,32.0,1456.9957904797782,0.0,64.5869,259542.94500732422
2026-07-17 14:15:01,gpu45,1,2,31.0,1452.7902016484948,0.0,64.5869,259542.94500732422
2026-07-17 14:15:01,gpu45,1,3,27.0,1454.162528218155,0.0,64.5869,259542.94500732422
2026-07-17 14:15:01,gpu45,1,4,29.0,1458.2471221765684,0.0,64.5869,259542.94500732422
2026-07-17 14:15:01,gpu45,1,5,30.0,1456.017367740927,0.0,64.5869,259542.94500732422
2026-07-17 14:15:01,gpu45,1,6,30.0,1452.6233608201499,0.0,64.5869,259542.94500732422
2026-07-17 14:15:01,gpu45,1,7,28.0,1455.6135519803468,0.0,64.5869,259542.94500732422
2026-07-17 14:15:01,gpu45,1,8,28.0,1451.5771299444716,0.0,64.5869,259542.94500732422
2026-07-17 14:15:01,gpu45,1,9,28.0,1453.5663783828475,0.0,64.5869,259542.94500732422
2026-07-17 14:15:01,gpu45,1,10,29.0,1452.2917446479473,0.0,64.5869,259542.94500732422
2026-07-17 14:15:01,gpu45,1,11,30.0,1452.6940987950918,0.0,64.5869,259542.94500732422
2026-07-17 14:15:01,gpu45,1,12,29.0,1450.6151604124886,0.0,64.5869,259542.94500732422
2026-07-17 14:15:01,gpu45,1,13,28.0,1453.9216829983905,0.0,64.5869,259542.94500732422
2026-07-17 14:15:01,gpu45,1,14,30.0,1452.7828976262388,0.0,64.5869,259542.94500732422
2026-07-17 14:15:01,gpu45,1,15,31.0,1453.513595647463,0.0,64.5869,259542.94500732422
2026-07-17 14:15:01,gpu45,1,16,30.0,1453.444031049989,0.0,64.5869,259542.94500732422
2026-07-17 14:15:01,gpu45,1,17,27.0,1453.3999029617262,0.0,64.5869,259542.94500732422
2026-07-17 14:15:01,gpu45,1,18,30.0,1454.9642628860502,0.0,64.5869,259542.94500732422
2026-07-17 14:15:01,gpu45,1,19,26.0,1454.0680389528256,0.0,64.5869,259542.94500732422
2026-07-17 14:15:01,gpu45,1,20,27.0,1453.2567145725804,0.0,64.5869,259542.94500732422
2026-07-17 14:15:01,gpu45,1,21,29.0,1454.4917584497812,0.0,64.5869,259542.94500732422
2026-07-17 14:15:01,gpu45,1,22,29.0,1451.3512651962587,0.0,64.5869,259542.94500732422
2026-07-17 14:15:01,gpu45,1,23,30.0,1453.3079078526819,0.0,64.5869,259542.94500732422
2026-07-17 14:20:01,gpu45,0,0,29.0,1431.3575588365484,0.04,53.5699,146015.24279785156
2026-07-17 14:20:01,gpu45,0,1,28.0,1431.9388334526707,0.0,53.5699,146015.24279785156
2026-07-17 14:20:01,gpu45,0,2,29.0,1428.2980588317287,0.0,53.5699,146015.24279785156
2026-07-17 14:20:01,gpu45,0,3,26.0,1423.5565220120836,0.0,53.5699,146015.24279785156
2026-07-17 14:20:01,gpu45,0,4,25.0,1419.0056312475815,0.0,53.5699,146015.24279785156
2026-07-17 14:20:01,gpu45,0,5,27.0,1417.4266169953146,0.0,53.5699,146015.24279785156
2026-07-17 14:20:01,gpu45,0,6,28.0,1417.5669854143757,0.0,53.5699,146015.24279785156
2026-07-17 14:20:01,gpu45,0,7,25.0,1421.7317767096197,0.0,53.5699,146015.24279785156
2026-07-17 14:20:01,gpu45,0,8,26.0,1415.428935537686,0.0,53.5699,146015.24279785156
2026-07-17 14:20:01,gpu45,0,9,26.0,1419.907138286805,0.0,53.5699,146015.24279785156
2026-07-17 14:20:01,gpu45,0,10,29.0,1415.3842938519806,0.0,53.5699,146015.24279785156
2026-07-17 14:20:01,gpu45,0,11,28.0,1417.2009171060877,0.0,53.5699,146015.24279785156
2026-07-17 14:20:01,gpu45,0,12,26.0,1418.4071577470138,0.0,53.5699,146015.24279785156
2026-07-17 14:20:01,gpu45,0,13,26.0,1412.6043180587717,0.0,53.5699,146015.24279785156
2026-07-17 14:20:01,gpu45,0,14,26.0,1417.3701170267743,0.0,53.5699,146015.24279785156
2026-07-17 14:20:01,gpu45,0,15,28.0,1417.4388102733692,0.0,53.5699,146015.24279785156
2026-07-17 14:20:01,gpu45,0,16,26.0,1417.7029523058748,0.0,53.5699,146015.24279785156
2026-07-17 14:20:01,gpu45,0,17,27.0,1416.9618142184734,0.99,53.5699,146015.24279785156
2026-07-17 14:20:01,gpu45,0,18,28.0,1418.3695199753568,0.0,53.5699,146015.24279785156
2026-07-17 14:20:01,gpu45,0,19,24.0,1416.963436534293,0.0,53.5699,146015.24279785156
2026-07-17 14:20:01,gpu45,0,20,25.0,1422.5352355330176,0.0,53.5699,146015.24279785156
2026-07-17 14:20:01,gpu45,0,21,25.0,1419.5099354253807,0.0,53.5699,146015.24279785156
2026-07-17 14:20:01,gpu45,0,22,27.0,1416.0205373392891,0.0,53.5699,146015.24279785156
2026-07-17 14:20:01,gpu45,0,23,29.0,1418.7383835412932,0.0,53.5699,146015.24279785156
2026-07-17 14:20:01,gpu45,1,0,31.0,1452.8574889460835,0.0,64.8076,12913.843322753906
2026-07-17 14:20:01,gpu45,1,1,30.0,1456.9936555133406,0.0,64.8076,12913.843322753906
2026-07-17 14:20:01,gpu45,1,2,30.0,1452.7880510818418,0.0,64.8076,12913.843322753906
2026-07-17 14:20:01,gpu45,1,3,27.0,1454.16036998895,0.0,64.8076,12913.843322753906
2026-07-17 14:20:01,gpu45,1,4,29.0,1458.2450826662082,0.0,64.8076,12913.843322753906
2026-07-17 14:20:01,gpu45,1,5,29.0,1456.0153316823544,0.0,64.8076,12913.843322753906
2026-07-17 14:20:01,gpu45,1,6,30.0,1452.6212946105936,0.0,64.8076,12913.843322753906
2026-07-17 14:20:01,gpu45,1,7,28.0,1455.6114816487488,0.0,64.8076,12913.843322753906
2026-07-17 14:20:01,gpu45,1,8,28.0,1451.5764150234381,0.0,64.8076,12913.843322753906
2026-07-17 14:20:01,gpu45,1,9,28.0,1453.5650000364053,0.0,64.8076,12913.843322753906
2026-07-17 14:20:01,gpu45,1,10,31.0,1452.2903527530427,0.0,64.8076,12913.843322753906
2026-07-17 14:20:01,gpu45,1,11,30.0,1452.692044015552,0.0,64.8076,12913.843322753906
2026-07-17 14:20:01,gpu45,1,12,29.0,1450.6130909474446,0.0,64.8076,12913.843322753906
2026-07-17 14:20:01,gpu45,1,13,27.0,1453.9196174968336,0.0,64.8076,12913.843322753906
2026-07-17 14:20:01,gpu45,1,14,30.0,1452.7808632709516,0.0,64.8076,12913.843322753906
2026-07-17 14:20:01,gpu45,1,15,31.0,1453.5115559108947,0.0,64.8076,12913.843322753906
2026-07-17 14:20:01,gpu45,1,16,30.0,1453.4419788418945,0.0,64.8076,12913.843322753906
2026-07-17 14:20:01,gpu45,1,17,27.0,1453.3977801569845,0.0,64.8076,12913.843322753906
2026-07-17 14:20:01,gpu45,1,18,30.0,1454.9622027293517,0.0,64.8076,12913.843322753906
2026-07-17 14:20:01,gpu45,1,19,26.0,1454.0659717109995,0.0,64.8076,12913.843322753906
2026-07-17 14:20:01,gpu45,1,20,27.0,1453.254681465373,0.99,64.8076,12913.843322753906
2026-07-17 14:20:01,gpu45,1,21,29.0,1454.4896977689828,0.0,64.8076,12913.843322753906
2026-07-17 14:20:01,gpu45,1,22,29.0,1451.3492096461614,0.0,64.8076,12913.843322753906
2026-07-17 14:20:01,gpu45,1,23,30.0,1453.3058292244123,0.0,64.8076,12913.843322753906
2026-07-17 14:25:01,gpu45,0,0,29.0,1431.3552895580008,0.0,53.6354,162052.37884521484
2026-07-17 14:25:01,gpu45,0,1,28.0,1431.9366999473125,0.0,53.6354,162052.37884521484
2026-07-17 14:25:01,gpu45,0,2,29.0,1428.295924219736,0.0,53.6354,162052.37884521484
2026-07-17 14:25:01,gpu45,0,3,26.0,1423.5542770271843,0.0,53.6354,162052.37884521484
2026-07-17 14:25:01,gpu45,0,4,26.0,1419.00345382544,0.0,53.6354,162052.37884521484
2026-07-17 14:25:01,gpu45,0,5,27.0,1417.4244319859256,0.0,53.6354,162052.37884521484
2026-07-17 14:25:01,gpu45,0,6,28.0,1417.5647766680872,0.0,53.6354,162052.37884521484
2026-07-17 14:25:01,gpu45,0,7,25.0,1421.7296170721886,0.0,53.6354,162052.37884521484
2026-07-17 14:25:01,gpu45,0,8,26.0,1415.4267426359193,0.0,53.6354,162052.37884521484
2026-07-17 14:25:01,gpu45,0,9,26.0,1419.9049601655063,0.0,53.6354,162052.37884521484
2026-07-17 14:25:01,gpu45,0,10,29.0,1415.3820936206423,0.0,53.6354,162052.37884521484
2026-07-17 14:25:01,gpu45,0,11,28.0,1417.1982932604933,0.0,53.6354,162052.37884521484
2026-07-17 14:25:01,gpu45,0,12,27.0,1418.4049450932653,0.0,53.6354,162052.37884521484
2026-07-17 14:25:01,gpu45,0,13,26.0,1412.6020939892971,0.0,53.6354,162052.37884521484
2026-07-17 14:25:01,gpu45,0,14,26.0,1417.3679439313757,0.0,53.6354,162052.37884521484
2026-07-17 14:25:01,gpu45,0,15,28.0,1417.436609390763,0.0,53.6354,162052.37884521484
2026-07-17 14:25:01,gpu45,0,16,26.0,1417.7003319292144,0.0,53.6354,162052.37884521484
2026-07-17 14:25:01,gpu45,0,17,27.0,1416.9595102435824,0.0,53.6354,162052.37884521484
2026-07-17 14:25:01,gpu45,0,18,28.0,1418.3672844094694,0.0,53.6354,162052.37884521484
2026-07-17 14:25:01,gpu45,0,19,25.0,1416.9611365237988,0.0,53.6354,162052.37884521484
2026-07-17 14:25:01,gpu45,0,20,25.0,1422.533045060123,0.0,53.6354,162052.37884521484
2026-07-17 14:25:01,gpu45,0,21,25.0,1419.5077564523003,0.0,53.6354,162052.37884521484
2026-07-17 14:25:01,gpu45,0,22,28.0,1416.0183015118978,0.0,53.6354,162052.37884521484
2026-07-17 14:25:01,gpu45,0,23,29.0,1418.736171841456,0.0,53.6354,162052.37884521484
2026-07-17 14:25:01,gpu45,1,0,31.0,1452.855349034555,0.0,64.8476,28452.890563964844
2026-07-17 14:25:01,gpu45,1,1,31.0,1456.9918906026426,0.0,64.8476,28452.890563964844
2026-07-17 14:25:01,gpu45,1,2,31.0,1452.7862932599692,0.0,64.8476,28452.890563964844
2026-07-17 14:25:01,gpu45,1,3,31.0,1454.1582586218487,0.0,64.8476,28452.890563964844
2026-07-17 14:25:01,gpu45,1,4,30.0,1458.2430792541209,0.0,64.8476,28452.890563964844
2026-07-17 14:25:01,gpu45,1,5,29.0,1456.0132874627404,0.0,64.8476,28452.890563964844
2026-07-17 14:25:01,gpu45,1,6,30.0,1452.619230547939,0.0,64.8476,28452.890563964844
2026-07-17 14:25:01,gpu45,1,7,28.0,1455.6094244417031,0.0,64.8476,28452.890563964844
2026-07-17 14:25:01,gpu45,1,8,28.0,1451.5753501798913,0.0,64.8476,28452.890563964844
2026-07-17 14:25:01,gpu45,1,9,28.0,1453.5634065277836,0.0,64.8476,28452.890563964844
2026-07-17 14:25:01,gpu45,1,10,30.0,1452.2885239782145,0.0,64.8476,28452.890563964844
2026-07-17 14:25:01,gpu45,1,11,30.0,1452.6899983147644,0.0,64.8476,28452.890563964844
2026-07-17 14:25:01,gpu45,1,12,29.0,1450.6110244431352,0.0,64.8476,28452.890563964844
2026-07-17 14:25:01,gpu45,1,13,28.0,1453.9175801526478,0.0,64.8476,28452.890563964844
2026-07-17 14:25:01,gpu45,1,14,30.0,1452.778831368558,0.0,64.8476,28452.890563964844
2026-07-17 14:25:01,gpu45,1,15,31.0,1453.509531338426,0.0,64.8476,28452.890563964844
2026-07-17 14:25:01,gpu45,1,16,30.0,1453.4399183646951,0.0,64.8476,28452.890563964844
2026-07-17 14:25:01,gpu45,1,17,28.0,1453.3956587146138,0.0,64.8476,28452.890563964844
2026-07-17 14:25:01,gpu45,1,18,30.0,1454.9601545643807,0.0,64.8476,28452.890563964844
2026-07-17 14:25:01,gpu45,1,19,27.0,1454.063914914565,0.0,64.8476,28452.890563964844
2026-07-17 14:25:01,gpu45,1,20,28.0,1453.252646974815,0.0,64.8476,28452.890563964844
2026-07-17 14:25:01,gpu45,1,21,29.0,1454.4876412073356,0.0,64.8476,28452.890563964844
2026-07-17 14:25:01,gpu45,1,22,30.0,1451.34715532003,0.0,64.8476,28452.890563964844
2026-07-17 14:25:01,gpu45,1,23,31.0,1453.3037562511945,0.0,64.8476,28452.890563964844
2026-07-17 14:30:01,gpu45,0,0,28.0,1431.3530333027666,0.0,53.6142,178061.1151123047
2026-07-17 14:30:01,gpu45,0,1,28.0,1431.9345695939166,0.0,53.6142,178061.1151123047
2026-07-17 14:30:01,gpu45,0,2,28.0,1428.2937878095017,0.0,53.6142,178061.1151123047
2026-07-17 14:30:01,gpu45,0,3,25.0,1423.5520520393,0.0,53.6142,178061.1151123047
2026-07-17 14:30:01,gpu45,0,4,25.0,1419.00127890991,0.0,53.6142,178061.1151123047
2026-07-17 14:30:01,gpu45,0,5,26.0,1417.4222503453677,0.0,53.6142,178061.1151123047
2026-07-17 14:30:01,gpu45,0,6,27.0,1417.5625737949713,0.0,53.6142,178061.1151123047
2026-07-17 14:30:01,gpu45,0,7,25.0,1421.7274580638525,0.0,53.6142,178061.1151123047
2026-07-17 14:30:01,gpu45,0,8,25.0,1415.4245513662215,0.0,53.6142,178061.1151123047
2026-07-17 14:30:01,gpu45,0,9,25.0,1419.902786523949,0.0,53.6142,178061.1151123047
2026-07-17 14:30:01,gpu45,0,10,28.0,1415.3798973643732,0.0,53.6142,178061.1151123047
2026-07-17 14:30:01,gpu45,0,11,28.0,1417.1956805364343,0.0,53.6142,178061.1151123047
2026-07-17 14:30:01,gpu45,0,12,26.0,1418.4027379973231,0.0,53.6142,178061.1151123047
2026-07-17 14:30:01,gpu45,0,13,25.0,1412.5998693098509,0.0,53.6142,178061.1151123047
2026-07-17 14:30:01,gpu45,0,14,25.0,1417.36577365077,0.0,53.6142,178061.1151123047
2026-07-17 14:30:01,gpu45,0,15,27.0,1417.4344146096098,0.0,53.6142,178061.1151123047
2026-07-17 14:30:01,gpu45,0,16,26.0,1417.6977168913543,0.0,53.6142,178061.1151123047
2026-07-17 14:30:01,gpu45,0,17,27.0,1416.9572284033623,0.0,53.6142,178061.1151123047
2026-07-17 14:30:01,gpu45,0,18,27.0,1418.3649716058915,0.0,53.6142,178061.1151123047
2026-07-17 14:30:01,gpu45,0,19,24.0,1416.9589025770763,0.0,53.6142,178061.1151123047
2026-07-17 14:30:01,gpu45,0,20,24.0,1422.5308551479307,0.0,53.6142,178061.1151123047
2026-07-17 14:30:01,gpu45,0,21,24.0,1419.5055226820762,0.0,53.6142,178061.1151123047
2026-07-17 14:30:01,gpu45,0,22,26.0,1416.0160605920562,0.0,53.6142,178061.1151123047
2026-07-17 14:30:01,gpu45,0,23,29.0,1418.7339610589643,0.0,53.6142,178061.1151123047
2026-07-17 14:30:01,gpu45,1,0,31.0,1452.8532036137458,0.0,64.9279,43971.32507324219
2026-07-17 14:30:01,gpu45,1,1,30.0,1456.989764653023,0.0,64.9279,43971.32507324219
2026-07-17 14:30:01,gpu45,1,2,31.0,1452.784167079288,0.0,64.9279,43971.32507324219
2026-07-17 14:30:01,gpu45,1,3,28.0,1454.1561295474316,0.0,64.9279,43971.32507324219
2026-07-17 14:30:01,gpu45,1,4,30.0,1458.2410651503205,0.0,64.9279,43971.32507324219
2026-07-17 14:30:01,gpu45,1,5,29.0,1456.0112505112572,0.0,64.9279,43971.32507324219
2026-07-17 14:30:01,gpu45,1,6,30.0,1452.617174943662,0.0,64.9279,43971.32507324219
2026-07-17 14:30:01,gpu45,1,7,28.0,1455.6073669676637,0.0,64.9279,43971.32507324219
2026-07-17 14:30:01,gpu45,1,8,28.0,1451.573812964582,0.0,64.9279,43971.32507324219
2026-07-17 14:30:01,gpu45,1,9,28.0,1453.5622437573952,0.0,64.9279,43971.32507324219
2026-07-17 14:30:01,gpu45,1,10,32.0,1452.2873655051603,0.0,64.9279,43971.32507324219
2026-07-17 14:30:01,gpu45,1,11,30.0,1452.6881721877207,0.0,64.9279,43971.32507324219
2026-07-17 14:30:01,gpu45,1,12,29.0,1450.6089665944191,0.0,64.9279,43971.32507324219
2026-07-17 14:30:01,gpu45,1,13,28.0,1453.915551206163,0.0,64.9279,43971.32507324219
2026-07-17 14:30:01,gpu45,1,14,30.0,1452.776808901714,0.0,64.9279,43971.32507324219
2026-07-17 14:30:01,gpu45,1,15,31.0,1453.5075029903298,0.0,64.9279,43971.32507324219
2026-07-17 14:30:01,gpu45,1,16,31.0,1453.4378647081255,0.0,64.9279,43971.32507324219
2026-07-17 14:30:01,gpu45,1,17,27.0,1453.393539287146,0.0,64.9279,43971.32507324219
2026-07-17 14:30:01,gpu45,1,18,30.0,1454.9581052599888,0.0,64.9279,43971.32507324219
2026-07-17 14:30:01,gpu45,1,19,27.0,1454.0618753441995,0.0,64.9279,43971.32507324219
2026-07-17 14:30:01,gpu45,1,20,27.0,1453.2506580865331,0.0,64.9279,43971.32507324219
2026-07-17 14:30:01,gpu45,1,21,29.0,1454.4855929820465,0.0,64.9279,43971.32507324219
2026-07-17 14:30:01,gpu45,1,22,30.0,1451.3451079988977,0.0,64.9279,43971.32507324219
2026-07-17 14:30:01,gpu45,1,23,31.0,1453.3016586299739,0.0,64.9279,43971.32507324219
2026-07-17 14:35:01,gpu45,0,0,29.0,1431.3507530598501,0.02,53.5985,194094.73303222656
2026-07-17 14:35:01,gpu45,0,1,28.0,1431.9324358474519,0.0,53.5985,194094.73303222656
2026-07-17 14:35:01,gpu45,0,2,29.0,1428.291642111958,0.0,53.5985,194094.73303222656
2026-07-17 14:35:01,gpu45,0,3,25.0,1423.549807298039,0.0,53.5985,194094.73303222656
2026-07-17 14:35:01,gpu45,0,4,25.0,1418.9990993864099,0.0,53.5985,194094.73303222656
2026-07-17 14:35:01,gpu45,0,5,27.0,1417.4200638075104,0.0,53.5985,194094.73303222656
2026-07-17 14:35:01,gpu45,0,6,28.0,1417.5603647519508,0.0,53.5985,194094.73303222656
2026-07-17 14:35:01,gpu45,0,7,25.0,1421.7252983170501,0.0,53.5985,194094.73303222656
2026-07-17 14:35:01,gpu45,0,8,26.0,1415.422357422351,0.0,53.5985,194094.73303222656
2026-07-17 14:35:01,gpu45,0,9,26.0,1419.9006086163165,0.0,53.5985,194094.73303222656
2026-07-17 14:35:01,gpu45,0,10,28.0,1415.3776964939568,0.0,53.5985,194094.73303222656
2026-07-17 14:35:01,gpu45,0,11,28.0,1417.1930655210363,0.0,53.5985,194094.73303222656
2026-07-17 14:35:01,gpu45,0,12,26.0,1418.4005301400268,0.0,53.5985,194094.73303222656
2026-07-17 14:35:01,gpu45,0,13,26.0,1412.5976347292096,0.0,53.5985,194094.73303222656
2026-07-17 14:35:01,gpu45,0,14,25.0,1417.3636000842384,0.99,53.5985,194094.73303222656
2026-07-17 14:35:01,gpu45,0,15,27.0,1417.4322110674198,0.0,53.5985,194094.73303222656
2026-07-17 14:35:01,gpu45,0,16,26.0,1417.6950948294643,0.0,53.5985,194094.73303222656
2026-07-17 14:35:01,gpu45,0,17,27.0,1416.9549256115617,0.0,53.5985,194094.73303222656
2026-07-17 14:35:01,gpu45,0,18,27.0,1418.362600378926,0.0,53.5985,194094.73303222656
2026-07-17 14:35:01,gpu45,0,19,25.0,1416.9566885600682,0.0,53.5985,194094.73303222656
2026-07-17 14:35:01,gpu45,0,20,25.0,1422.5286642320318,0.0,53.5985,194094.73303222656
2026-07-17 14:35:01,gpu45,0,21,25.0,1419.5033235076935,0.0,53.5985,194094.73303222656
2026-07-17 14:35:01,gpu45,0,22,27.0,1416.0138202481266,0.0,53.5985,194094.73303222656
2026-07-17 14:35:01,gpu45,0,23,29.0,1418.731747315175,0.0,53.5985,194094.73303222656
2026-07-17 14:35:01,gpu45,1,0,31.0,1452.851081655835,0.0,64.6962,59476.040771484375
2026-07-17 14:35:01,gpu45,1,1,31.0,1456.9876328876883,0.0,64.6962,59476.040771484375
2026-07-17 14:35:01,gpu45,1,2,31.0,1452.7820830269447,0.0,64.6962,59476.040771484375
2026-07-17 14:35:01,gpu45,1,3,28.0,1454.1539858832543,0.0,64.6962,59476.040771484375
2026-07-17 14:35:01,gpu45,1,4,33.0,1458.239021829089,0.0,64.6962,59476.040771484375
2026-07-17 14:35:01,gpu45,1,5,30.0,1456.0094783416569,0.0,64.6962,59476.040771484375
2026-07-17 14:35:01,gpu45,1,6,31.0,1452.6153226636666,0.0,64.6962,59476.040771484375
2026-07-17 14:35:01,gpu45,1,7,28.0,1455.6053171980304,0.0,64.6962,59476.040771484375
2026-07-17 14:35:01,gpu45,1,8,28.0,1451.5722576981977,0.0,64.6962,59476.040771484375
2026-07-17 14:35:01,gpu45,1,9,28.0,1453.5606487359248,0.0,64.6962,59476.040771484375
2026-07-17 14:35:01,gpu45,1,10,29.0,1452.2859199097586,0.0,64.6962,59476.040771484375
2026-07-17 14:35:01,gpu45,1,11,30.0,1452.6865456704,0.0,64.6962,59476.040771484375
2026-07-17 14:35:01,gpu45,1,12,30.0,1450.6069031489274,0.0,64.6962,59476.040771484375
2026-07-17 14:35:01,gpu45,1,13,27.0,1453.9135157181454,0.0,64.6962,59476.040771484375
2026-07-17 14:35:01,gpu45,1,14,29.0,1452.7747784260023,0.0,64.6962,59476.040771484375
2026-07-17 14:35:01,gpu45,1,15,31.0,1453.5054696282875,0.0,64.6962,59476.040771484375
2026-07-17 14:35:01,gpu45,1,16,30.0,1453.4358094808529,0.0,64.6962,59476.040771484375
2026-07-17 14:35:01,gpu45,1,17,27.0,1453.391425615417,0.0,64.6962,59476.040771484375
2026-07-17 14:35:01,gpu45,1,18,30.0,1454.9560459761803,0.0,64.6962,59476.040771484375
2026-07-17 14:35:01,gpu45,1,19,27.0,1454.0598294662889,0.0,64.6962,59476.040771484375
2026-07-17 14:35:01,gpu45,1,20,27.0,1453.24862790891,0.0,64.6962,59476.040771484375
2026-07-17 14:35:01,gpu45,1,21,29.0,1454.4835636618327,0.0,64.6962,59476.040771484375
2026-07-17 14:35:01,gpu45,1,22,30.0,1451.3430525283916,0.0,64.6962,59476.040771484375
2026-07-17 14:35:01,gpu45,1,23,30.0,1453.2995521592618,0.0,64.6962,59476.040771484375
2026-07-17 14:40:01,gpu45,0,0,30.0,1431.3484823017827,0.02,53.6771,210147.82220458984
2026-07-17 14:40:01,gpu45,0,1,28.0,1431.9302953465785,0.0,53.6771,210147.82220458984
2026-07-17 14:40:01,gpu45,0,2,29.0,1428.2894954643245,0.0,53.6771,210147.82220458984
2026-07-17 14:40:01,gpu45,0,3,26.0,1423.547591203235,0.0,53.6771,210147.82220458984
2026-07-17 14:40:01,gpu45,0,4,26.0,1418.996915566573,0.0,53.6771,210147.82220458984
2026-07-17 14:40:01,gpu45,0,5,27.0,1417.417872527739,0.0,53.6771,210147.82220458984
2026-07-17 14:40:01,gpu45,0,6,28.0,1417.5581483463682,0.0,53.6771,210147.82220458984
2026-07-17 14:40:01,gpu45,0,7,25.0,1421.7231294878577,0.0,53.6771,210147.82220458984
2026-07-17 14:40:01,gpu45,0,8,26.0,1415.4201588891992,0.0,53.6771,210147.82220458984
2026-07-17 14:40:01,gpu45,0,9,26.0,1419.898422875711,0.0,53.6771,210147.82220458984
2026-07-17 14:40:01,gpu45,0,10,29.0,1415.3754869193037,0.0,53.6771,210147.82220458984
2026-07-17 14:40:01,gpu45,0,11,28.0,1417.19045009045,0.0,53.6771,210147.82220458984
2026-07-17 14:40:01,gpu45,0,12,27.0,1418.3983104038878,0.0,53.6771,210147.82220458984
2026-07-17 14:40:01,gpu45,0,13,26.0,1412.595389878098,0.0,53.6771,210147.82220458984
2026-07-17 14:40:01,gpu45,0,14,26.0,1417.3614195414216,0.0,53.6771,210147.82220458984
2026-07-17 14:40:01,gpu45,0,15,28.0,1417.4299955493516,0.0,53.6771,210147.82220458984
2026-07-17 14:40:01,gpu45,0,16,27.0,1417.6925330953957,0.0,53.6771,210147.82220458984
2026-07-17 14:40:01,gpu45,0,17,27.0,1416.9525465787694,0.0,53.6771,210147.82220458984
2026-07-17 14:40:01,gpu45,0,18,28.0,1418.3602597259214,0.0,53.6771,210147.82220458984
2026-07-17 14:40:01,gpu45,0,19,25.0,1416.95446078011,0.0,53.6771,210147.82220458984
2026-07-17 14:40:01,gpu45,0,20,25.0,1422.5264632603598,0.0,53.6771,210147.82220458984
2026-07-17 14:40:01,gpu45,0,21,26.0,1419.5010666359135,0.0,53.6771,210147.82220458984
2026-07-17 14:40:01,gpu45,0,22,27.0,1416.0115686248198,0.0,53.6771,210147.82220458984
2026-07-17 14:40:01,gpu45,0,23,30.0,1418.7295234155463,0.0,53.6771,210147.82220458984
2026-07-17 14:40:01,gpu45,1,0,31.0,1452.8489511628857,0.0,65.0547,74996.92095947266
2026-07-17 14:40:01,gpu45,1,1,31.0,1456.9855122538686,0.0,65.0547,74996.92095947266
2026-07-17 14:40:01,gpu45,1,2,31.0,1452.7799082505842,0.0,65.0547,74996.92095947266
2026-07-17 14:40:01,gpu45,1,3,28.0,1454.151866773529,0.0,65.0547,74996.92095947266
2026-07-17 14:40:01,gpu45,1,4,30.0,1458.2369845287988,0.0,65.0547,74996.92095947266
2026-07-17 14:40:01,gpu45,1,5,29.0,1456.0080638059496,0.0,65.0547,74996.92095947266
2026-07-17 14:40:01,gpu45,1,6,30.0,1452.6138436449892,0.99,65.0547,74996.92095947266
2026-07-17 14:40:01,gpu45,1,7,28.0,1455.6036730100927,0.0,65.0547,74996.92095947266
2026-07-17 14:40:01,gpu45,1,8,29.0,1451.5706578414731,0.0,65.0547,74996.92095947266
2026-07-17 14:40:01,gpu45,1,9,32.0,1453.559053887661,0.0,65.0547,74996.92095947266
2026-07-17 14:40:01,gpu45,1,10,29.0,1452.2838780076693,0.0,65.0547,74996.92095947266
2026-07-17 14:40:01,gpu45,1,11,30.0,1452.6844910445916,0.0,65.0547,74996.92095947266
2026-07-17 14:40:01,gpu45,1,12,30.0,1450.604834985627,0.0,65.0547,74996.92095947266
2026-07-17 14:40:01,gpu45,1,13,28.0,1453.91147681031,0.0,65.0547,74996.92095947266
2026-07-17 14:40:01,gpu45,1,14,30.0,1452.7727434934468,0.0,65.0547,74996.92095947266
2026-07-17 14:40:01,gpu45,1,15,32.0,1453.5034317349414,0.0,65.0547,74996.92095947266
2026-07-17 14:40:01,gpu45,1,16,30.0,1453.4337477513072,0.0,65.0547,74996.92095947266
2026-07-17 14:40:01,gpu45,1,17,27.0,1453.3893102892803,0.0,65.0547,74996.92095947266
2026-07-17 14:40:01,gpu45,1,18,30.0,1454.953982150788,0.0,65.0547,74996.92095947266
2026-07-17 14:40:01,gpu45,1,19,27.0,1454.05777462215,0.0,65.0547,74996.92095947266
2026-07-17 14:40:01,gpu45,1,20,28.0,1453.2465932935297,0.0,65.0547,74996.92095947266
2026-07-17 14:40:01,gpu45,1,21,29.0,1454.4815275538394,0.0,65.0547,74996.92095947266
2026-07-17 14:40:01,gpu45,1,22,30.0,1451.3409948317656,0.0,65.0547,74996.92095947266
2026-07-17 14:40:01,gpu45,1,23,30.0,1453.2974461274475,0.0,65.0547,74996.92095947266
2026-07-17 14:45:01,gpu45,0,0,30.0,1431.346205941853,0.0,53.517,226187.27337646484
2026-07-17 14:45:01,gpu45,0,1,29.0,1431.9281593671992,0.0,53.517,226187.27337646484
2026-07-17 14:45:01,gpu45,0,2,29.0,1428.287349935148,0.0,53.517,226187.27337646484
2026-07-17 14:45:01,gpu45,0,3,26.0,1423.545378864882,0.0,53.517,226187.27337646484
2026-07-17 14:45:01,gpu45,0,4,26.0,1418.9947333837154,0.0,53.517,226187.27337646484
2026-07-17 14:45:01,gpu45,0,5,27.0,1417.4156809286435,0.0,53.517,226187.27337646484
2026-07-17 14:45:01,gpu45,0,6,29.0,1417.5559353765207,0.0,53.517,226187.27337646484
2026-07-17 14:45:01,gpu45,0,7,25.0,1421.7206475932064,0.0,53.517,226187.27337646484
2026-07-17 14:45:01,gpu45,0,8,26.0,1415.417962426434,0.0,53.517,226187.27337646484
2026-07-17 14:45:01,gpu45,0,9,27.0,1419.8962388375555,0.0,53.517,226187.27337646484
2026-07-17 14:45:01,gpu45,0,10,29.0,1415.3732787304666,0.0,53.517,226187.27337646484
2026-07-17 14:45:01,gpu45,0,11,28.0,1417.1881638292916,0.0,53.517,226187.27337646484
2026-07-17 14:45:01,gpu45,0,12,27.0,1418.3960926374193,0.0,53.517,226187.27337646484
2026-07-17 14:45:01,gpu45,0,13,26.0,1412.5931518842071,0.0,53.517,226187.27337646484
2026-07-17 14:45:01,gpu45,0,14,27.0,1417.359239477847,0.0,53.517,226187.27337646484
2026-07-17 14:45:01,gpu45,0,15,28.0,1417.4277846975622,0.0,53.517,226187.27337646484
2026-07-17 14:45:01,gpu45,0,16,27.0,1417.6903265294777,0.0,53.517,226187.27337646484
2026-07-17 14:45:01,gpu45,0,17,27.0,1416.9498420523341,0.0,53.517,226187.27337646484
2026-07-17 14:45:01,gpu45,0,18,28.0,1418.3579163260126,0.0,53.517,226187.27337646484
2026-07-17 14:45:01,gpu45,0,19,25.0,1416.952243399199,0.0,53.517,226187.27337646484
2026-07-17 14:45:01,gpu45,0,20,26.0,1422.524272372459,0.0,53.517,226187.27337646484
2026-07-17 14:45:01,gpu45,0,21,25.0,1419.4988198480555,0.0,53.517,226187.27337646484
2026-07-17 14:45:01,gpu45,0,22,27.0,1416.0093107071616,0.0,53.517,226187.27337646484
2026-07-17 14:45:01,gpu45,0,23,30.0,1418.727301671738,0.0,53.517,226187.27337646484
2026-07-17 14:45:01,gpu45,1,0,31.0,1452.8468564821358,0.0,64.8579,90545.0247192383
2026-07-17 14:45:01,gpu45,1,1,31.0,1456.983347614594,0.0,64.8579,90545.0247192383
2026-07-17 14:45:01,gpu45,1,2,31.0,1452.777792272304,0.0,64.8579,90545.0247192383
2026-07-17 14:45:01,gpu45,1,3,29.0,1454.1497271211958,0.0,64.8579,90545.0247192383
2026-07-17 14:45:01,gpu45,1,4,30.0,1458.2349562607144,0.0,64.8579,90545.0247192383
2026-07-17 14:45:01,gpu45,1,5,30.0,1456.0060118928723,0.0,64.8579,90545.0247192383
2026-07-17 14:45:01,gpu45,1,6,30.0,1452.613023425496,0.0,64.8579,90545.0247192383
2026-07-17 14:45:01,gpu45,1,7,29.0,1455.6024427260456,0.0,64.8579,90545.0247192383
2026-07-17 14:45:01,gpu45,1,8,31.0,1451.5690329445074,0.0,64.8579,90545.0247192383
2026-07-17 14:45:01,gpu45,1,9,28.0,1453.5570238143814,0.0,64.8579,90545.0247192383
2026-07-17 14:45:01,gpu45,1,10,29.0,1452.2818401196744,0.0,64.8579,90545.0247192383
2026-07-17 14:45:01,gpu45,1,11,30.0,1452.6824415461742,0.0,64.8579,90545.0247192383
2026-07-17 14:45:01,gpu45,1,12,30.0,1450.60276945393,0.0,64.8579,90545.0247192383
2026-07-17 14:45:01,gpu45,1,13,28.0,1453.909440027741,0.0,64.8579,90545.0247192383
2026-07-17 14:45:01,gpu45,1,14,30.0,1452.7707151517882,0.0,64.8579,90545.0247192383
2026-07-17 14:45:01,gpu45,1,15,31.0,1453.5013965054484,0.0,64.8579,90545.0247192383
2026-07-17 14:45:01,gpu45,1,16,30.0,1453.431689540525,0.0,64.8579,90545.0247192383
2026-07-17 14:45:01,gpu45,1,17,28.0,1453.3872181572667,0.0,64.8579,90545.0247192383
2026-07-17 14:45:01,gpu45,1,18,30.0,1454.9519224076782,0.0,64.8579,90545.0247192383
2026-07-17 14:45:01,gpu45,1,19,28.0,1454.0557257246614,0.0,64.8579,90545.0247192383
2026-07-17 14:45:01,gpu45,1,20,28.0,1453.2445599619641,0.0,64.8579,90545.0247192383
2026-07-17 14:45:01,gpu45,1,21,29.0,1454.4794953277917,0.0,64.8579,90545.0247192383
2026-07-17 14:45:01,gpu45,1,22,30.0,1451.338938966703,0.0,64.8579,90545.0247192383
2026-07-17 14:45:01,gpu45,1,23,30.0,1453.2953427777427,0.0,64.8579,90545.0247192383
2026-07-17 14:50:01,gpu45,0,0,30.0,1431.3439387320598,0.02,53.6718,242197.63104248047
2026-07-17 14:50:01,gpu45,0,1,28.0,1431.9260220783003,0.0,53.6718,242197.63104248047
2026-07-17 14:50:01,gpu45,0,2,29.0,1428.285202443348,0.0,53.6718,242197.63104248047
2026-07-17 14:50:01,gpu45,0,3,26.0,1423.5430921847098,0.0,53.6718,242197.63104248047
2026-07-17 14:50:01,gpu45,0,4,26.0,1418.992551064666,0.0,53.6718,242197.63104248047
2026-07-17 14:50:01,gpu45,0,5,27.0,1417.4134894971778,0.0,53.6718,242197.63104248047
2026-07-17 14:50:01,gpu45,0,6,28.0,1417.5537221297875,0.0,53.6718,242197.63104248047
2026-07-17 14:50:01,gpu45,0,7,25.0,1421.7184628216435,0.0,53.6718,242197.63104248047
2026-07-17 14:50:01,gpu45,0,8,26.0,1415.4157626286299,0.0,53.6718,242197.63104248047
2026-07-17 14:50:01,gpu45,0,9,26.0,1419.8940547415816,0.0,53.6718,242197.63104248047
2026-07-17 14:50:01,gpu45,0,10,29.0,1415.3710728752317,0.0,53.6718,242197.63104248047
2026-07-17 14:50:01,gpu45,0,11,28.0,1417.1855747148265,0.0,53.6718,242197.63104248047
2026-07-17 14:50:01,gpu45,0,12,26.0,1418.3938791938021,0.0,53.6718,242197.63104248047
2026-07-17 14:50:01,gpu45,0,13,26.0,1412.5909085124879,0.0,53.6718,242197.63104248047
2026-07-17 14:50:01,gpu45,0,14,26.0,1417.3570606041355,0.0,53.6718,242197.63104248047
2026-07-17 14:50:01,gpu45,0,15,28.0,1417.42557878546,0.0,53.6718,242197.63104248047
2026-07-17 14:50:01,gpu45,0,16,26.0,1417.6881196494332,0.0,53.6718,242197.63104248047
2026-07-17 14:50:01,gpu45,0,17,27.0,1416.9471784945667,0.0,53.6718,242197.63104248047
2026-07-17 14:50:01,gpu45,0,18,28.0,1418.35571327341,0.0,53.6718,242197.63104248047
2026-07-17 14:50:01,gpu45,0,19,25.0,1416.9500319947122,0.0,53.6718,242197.63104248047
2026-07-17 14:50:01,gpu45,0,20,26.0,1422.5220765146014,0.0,53.6718,242197.63104248047
2026-07-17 14:50:01,gpu45,0,21,25.0,1419.4966418781037,0.0,53.6718,242197.63104248047
2026-07-17 14:50:01,gpu45,0,22,27.0,1416.0069294213044,0.0,53.6718,242197.63104248047
2026-07-17 14:50:01,gpu45,0,23,29.0,1418.725085406265,0.0,53.6718,242197.63104248047
2026-07-17 14:50:01,gpu45,1,0,30.0,1452.8446802018057,0.0,64.852,106043.20733642578
2026-07-17 14:50:01,gpu45,1,1,30.0,1456.9812411635016,0.0,64.852,106043.20733642578
2026-07-17 14:50:01,gpu45,1,2,31.0,1452.7756043784661,0.0,64.852,106043.20733642578
2026-07-17 14:50:01,gpu45,1,3,28.0,1454.147592617376,0.0,64.852,106043.20733642578
2026-07-17 14:50:01,gpu45,1,4,29.0,1458.232928924315,0.0,64.852,106043.20733642578
2026-07-17 14:50:01,gpu45,1,5,29.0,1456.0039774049337,0.0,64.852,106043.20733642578
2026-07-17 14:50:01,gpu45,1,6,30.0,1452.6120265767656,0.99,64.852,106043.20733642578
2026-07-17 14:50:01,gpu45,1,7,28.0,1455.6004004848294,0.0,64.852,106043.20733642578
2026-07-17 14:50:01,gpu45,1,8,30.0,1451.5676694385152,0.0,64.852,106043.20733642578
2026-07-17 14:50:01,gpu45,1,9,29.0,1453.5558221550455,0.0,64.852,106043.20733642578
2026-07-17 14:50:01,gpu45,1,10,29.0,1452.2798053230867,0.0,64.852,106043.20733642578
2026-07-17 14:50:01,gpu45,1,11,29.0,1452.6803943904915,0.0,64.852,106043.20733642578
2026-07-17 14:50:01,gpu45,1,12,29.0,1450.6007070424812,0.0,64.852,106043.20733642578
2026-07-17 14:50:01,gpu45,1,13,27.0,1453.907406507467,0.0,64.852,106043.20733642578
2026-07-17 14:50:01,gpu45,1,14,30.0,1452.7686890593093,0.0,64.852,106043.20733642578
2026-07-17 14:50:01,gpu45,1,15,31.0,1453.499363891933,0.0,64.852,106043.20733642578
2026-07-17 14:50:01,gpu45,1,16,30.0,1453.4296344852737,0.0,64.852,106043.20733642578
2026-07-17 14:50:01,gpu45,1,17,27.0,1453.3851261389007,0.0,64.852,106043.20733642578
2026-07-17 14:50:01,gpu45,1,18,30.0,1454.9498664197743,0.0,64.852,106043.20733642578
2026-07-17 14:50:01,gpu45,1,19,27.0,1454.0536850665796,0.0,64.852,106043.20733642578
2026-07-17 14:50:01,gpu45,1,20,28.0,1453.2425335916303,0.0,64.852,106043.20733642578
2026-07-17 14:50:01,gpu45,1,21,29.0,1454.4774679738696,0.0,64.852,106043.20733642578
2026-07-17 14:50:01,gpu45,1,22,30.0,1451.3368890398642,0.0,64.852,106043.20733642578
2026-07-17 14:50:01,gpu45,1,23,30.0,1453.2932489469572,0.0,64.852,106043.20733642578
2026-07-17 14:55:01,gpu45,0,0,29.0,1431.3416792671587,0.0,53.7908,258254.1143798828
2026-07-17 14:55:01,gpu45,0,1,28.0,1431.9238996225604,0.0,53.7908,258254.1143798828
2026-07-17 14:55:01,gpu45,0,2,29.0,1428.2830708244016,0.0,53.7908,258254.1143798828
2026-07-17 14:55:01,gpu45,0,3,26.0,1423.5408437674198,0.0,53.7908,258254.1143798828
2026-07-17 14:55:01,gpu45,0,4,25.0,1418.9903832031207,0.0,53.7908,258254.1143798828
2026-07-17 14:55:01,gpu45,0,5,26.0,1417.411314474501,0.0,53.7908,258254.1143798828
2026-07-17 14:55:01,gpu45,0,6,27.0,1417.5515254820873,0.0,53.7908,258254.1143798828
2026-07-17 14:55:01,gpu45,0,7,25.0,1421.7163086579294,0.0,53.7908,258254.1143798828
2026-07-17 14:55:01,gpu45,0,8,26.0,1415.4135768053084,0.0,53.7908,258254.1143798828
2026-07-17 14:55:01,gpu45,0,9,26.0,1419.8918860542933,0.0,53.7908,258254.1143798828
2026-07-17 14:55:01,gpu45,0,10,28.0,1415.3688823778298,0.0,53.7908,258254.1143798828
2026-07-17 14:55:01,gpu45,0,11,28.0,1417.183000306864,0.0,53.7908,258254.1143798828
2026-07-17 14:55:01,gpu45,0,12,26.0,1418.391678448152,0.0,53.7908,258254.1143798828
2026-07-17 14:55:01,gpu45,0,13,26.0,1412.5886627297243,0.0,53.7908,258254.1143798828
2026-07-17 14:55:01,gpu45,0,14,26.0,1417.354895411032,0.0,53.7908,258254.1143798828
2026-07-17 14:55:01,gpu45,0,15,27.0,1417.4234004143684,0.0,53.7908,258254.1143798828
2026-07-17 14:55:01,gpu45,0,16,26.0,1417.6859295100217,0.0,53.7908,258254.1143798828
2026-07-17 14:55:01,gpu45,0,17,27.0,1416.9445038223225,0.0,53.7908,258254.1143798828
2026-07-17 14:55:01,gpu45,0,18,28.0,1418.3535245916253,0.0,53.7908,258254.1143798828
2026-07-17 14:55:01,gpu45,0,19,24.0,1416.9478306446676,0.0,53.7908,258254.1143798828
2026-07-17 14:55:01,gpu45,0,20,25.0,1422.5198934805196,0.0,53.7908,258254.1143798828
2026-07-17 14:55:01,gpu45,0,21,24.0,1419.4944798510082,0.0,53.7908,258254.1143798828
2026-07-17 14:55:01,gpu45,0,22,27.0,1416.0045635703273,0.0,53.7908,258254.1143798828
2026-07-17 14:55:01,gpu45,0,23,29.0,1418.7228844661477,0.0,53.7908,258254.1143798828
2026-07-17 14:55:01,gpu45,1,0,31.0,1452.8425159401288,0.0,64.7471,121505.18176269531
2026-07-17 14:55:01,gpu45,1,1,30.0,1456.9791397156735,0.0,64.7471,121505.18176269531
2026-07-17 14:55:01,gpu45,1,2,31.0,1452.7734809074336,0.0,64.7471,121505.18176269531
2026-07-17 14:55:01,gpu45,1,3,28.0,1454.1454440388927,0.0,64.7471,121505.18176269531
2026-07-17 14:55:01,gpu45,1,4,29.0,1458.2309104947155,0.0,64.7471,121505.18176269531
2026-07-17 14:55:01,gpu45,1,5,30.0,1456.002320368336,0.0,64.7471,121505.18176269531
2026-07-17 14:55:01,gpu45,1,6,36.0,1452.6101909677957,0.0,64.7471,121505.18176269531
2026-07-17 14:55:01,gpu45,1,7,28.0,1455.5985705514686,0.0,64.7471,121505.18176269531
2026-07-17 14:55:01,gpu45,1,8,28.0,1451.566289745391,0.0,64.7471,121505.18176269531
2026-07-17 14:55:01,gpu45,1,9,27.0,1453.5545239590285,0.0,64.7471,121505.18176269531
2026-07-17 14:55:01,gpu45,1,10,29.0,1452.2779828245946,0.0,64.7471,121505.18176269531
2026-07-17 14:55:01,gpu45,1,11,30.0,1452.6783503122817,0.0,64.7471,121505.18176269531
2026-07-17 14:55:01,gpu45,1,12,30.0,1450.5986492511654,0.0,64.7471,121505.18176269531
2026-07-17 14:55:01,gpu45,1,13,27.0,1453.905375062661,0.0,64.7471,121505.18176269531
2026-07-17 14:55:01,gpu45,1,14,29.0,1452.7666646354226,0.0,64.7471,121505.18176269531
2026-07-17 14:55:01,gpu45,1,15,31.0,1453.4973356296116,0.0,64.7471,121505.18176269531
2026-07-17 14:55:01,gpu45,1,16,30.0,1453.4275817512198,0.0,64.7471,121505.18176269531
2026-07-17 14:55:01,gpu45,1,17,28.0,1453.3830369094976,0.0,64.7471,121505.18176269531
2026-07-17 14:55:01,gpu45,1,18,31.0,1454.9478123246781,0.0,64.7471,121505.18176269531
2026-07-17 14:55:01,gpu45,1,19,26.0,1454.051655482267,0.0,64.7471,121505.18176269531
2026-07-17 14:55:01,gpu45,1,20,27.0,1453.240508660616,0.0,64.7471,121505.18176269531
2026-07-17 14:55:01,gpu45,1,21,28.0,1454.4754421918683,0.0,64.7471,121505.18176269531
2026-07-17 14:55:01,gpu45,1,22,30.0,1451.3348435346918,0.0,64.7471,121505.18176269531
2026-07-17 14:55:01,gpu45,1,23,30.0,1453.2911767734872,0.0,64.7471,121505.18176269531
2026-07-17 15:00:01,gpu45,0,0,30.0,1431.3393899389941,0.02,53.4862,12116.258361816406
2026-07-17 15:00:01,gpu45,0,1,29.0,1431.9217602346005,0.0,53.4862,12116.258361816406
2026-07-17 15:00:01,gpu45,0,2,29.0,1428.2809134539086,0.0,53.4862,12116.258361816406
2026-07-17 15:00:01,gpu45,0,3,26.0,1423.5385545760128,0.0,53.4862,12116.258361816406
2026-07-17 15:00:01,gpu45,0,4,26.0,1418.9881894689815,0.0,53.4862,12116.258361816406
2026-07-17 15:00:01,gpu45,0,5,27.0,1417.40911906551,0.0,53.4862,12116.258361816406
2026-07-17 15:00:01,gpu45,0,6,28.0,1417.5493067116445,0.0,53.4862,12116.258361816406
2026-07-17 15:00:01,gpu45,0,7,25.0,1421.7141237945998,0.0,53.4862,12116.258361816406
2026-07-17 15:00:01,gpu45,0,8,27.0,1415.4113772800335,0.0,53.4862,12116.258361816406
2026-07-17 15:00:01,gpu45,0,9,26.0,1419.8896992201626,0.0,53.4862,12116.258361816406
2026-07-17 15:00:01,gpu45,0,10,29.0,1415.3666740690248,0.0,53.4862,12116.258361816406
2026-07-17 15:00:01,gpu45,0,11,28.0,1417.1804072736995,0.0,53.4862,12116.258361816406
2026-07-17 15:00:01,gpu45,0,12,27.0,1418.3894617212607,0.99,53.4862,12116.258361816406
2026-07-17 15:00:01,gpu45,0,13,26.0,1412.5864134697172,0.0,53.4862,12116.258361816406
2026-07-17 15:00:01,gpu45,0,14,26.0,1417.3527056606363,0.0,53.4862,12116.258361816406
2026-07-17 15:00:01,gpu45,0,15,28.0,1417.4211915916342,0.0,53.4862,12116.258361816406
2026-07-17 15:00:01,gpu45,0,16,27.0,1417.6837155180835,0.0,53.4862,12116.258361816406
2026-07-17 15:00:01,gpu45,0,17,27.0,1416.9418259649924,0.0,53.4862,12116.258361816406
2026-07-17 15:00:01,gpu45,0,18,29.0,1418.3513016094525,0.0,53.4862,12116.258361816406
2026-07-17 15:00:01,gpu45,0,19,25.0,1416.9455930202284,0.0,53.4862,12116.258361816406
2026-07-17 15:00:01,gpu45,0,20,26.0,1422.5176976587575,0.0,53.4862,12116.258361816406
2026-07-17 15:00:01,gpu45,0,21,26.0,1419.492250115752,0.0,53.4862,12116.258361816406
2026-07-17 15:00:01,gpu45,0,22,28.0,1416.0021920837373,0.0,53.4862,12116.258361816406
2026-07-17 15:00:01,gpu45,0,23,30.0,1418.7206596263609,0.0,53.4862,12116.258361816406
2026-07-17 15:00:01,gpu45,1,0,31.0,1452.8404249077757,0.0,64.8754,137003.07061767578
2026-07-17 15:00:01,gpu45,1,1,31.0,1456.9771254592422,0.0,64.8754,137003.07061767578
2026-07-17 15:00:01,gpu45,1,2,31.0,1452.771337518968,0.0,64.8754,137003.07061767578
2026-07-17 15:00:01,gpu45,1,3,28.0,1454.1433236056155,0.0,64.8754,137003.07061767578
2026-07-17 15:00:01,gpu45,1,4,31.0,1458.229293714609,0.0,64.8754,137003.07061767578
2026-07-17 15:00:01,gpu45,1,5,30.0,1456.0012791084168,0.0,64.8754,137003.07061767578
2026-07-17 15:00:01,gpu45,1,6,30.0,1452.608310504147,0.0,64.8754,137003.07061767578
2026-07-17 15:00:01,gpu45,1,7,28.0,1455.59690753328,0.0,64.8754,137003.07061767578
2026-07-17 15:00:01,gpu45,1,8,28.0,1451.56447328041,0.0,64.8754,137003.07061767578
2026-07-17 15:00:01,gpu45,1,9,28.0,1453.552497697416,0.0,64.8754,137003.07061767578
2026-07-17 15:00:01,gpu45,1,10,30.0,1452.275833504261,0.0,64.8754,137003.07061767578
2026-07-17 15:00:01,gpu45,1,11,30.0,1452.6763034509377,0.0,64.8754,137003.07061767578
2026-07-17 15:00:01,gpu45,1,12,30.0,1450.596589168594,0.0,64.8754,137003.07061767578
2026-07-17 15:00:01,gpu45,1,13,27.0,1453.9033420363787,0.0,64.8754,137003.07061767578
2026-07-17 15:00:01,gpu45,1,14,30.0,1452.7646390253528,0.0,64.8754,137003.07061767578
2026-07-17 15:00:01,gpu45,1,15,31.0,1453.4953059474947,0.0,64.8754,137003.07061767578
2026-07-17 15:00:01,gpu45,1,16,30.0,1453.4255184750898,0.0,64.8754,137003.07061767578
2026-07-17 15:00:01,gpu45,1,17,27.0,1453.380948064961,0.0,64.8754,137003.07061767578
2026-07-17 15:00:01,gpu45,1,18,30.0,1454.9457582418133,0.0,64.8754,137003.07061767578
2026-07-17 15:00:01,gpu45,1,19,27.0,1454.0496194559091,0.0,64.8754,137003.07061767578
2026-07-17 15:00:01,gpu45,1,20,28.0,1453.2384817613652,0.0,64.8754,137003.07061767578
2026-07-17 15:00:01,gpu45,1,21,29.0,1454.4734148625953,0.0,64.8754,137003.07061767578
2026-07-17 15:00:01,gpu45,1,22,29.0,1451.3327969085142,0.0,64.8754,137003.07061767578
2026-07-17 15:00:01,gpu45,1,23,30.0,1453.2890922977633,0.0,64.8754,137003.07061767578
2026-07-17 15:05:01,gpu45,0,0,29.0,1431.3371142785352,0.02,53.5336,28123.13397216797
2026-07-17 15:05:01,gpu45,0,1,28.0,1431.9196143247216,0.0,53.5336,28123.13397216797
2026-07-17 15:05:01,gpu45,0,2,29.0,1428.2787708693252,0.0,53.5336,28123.13397216797
2026-07-17 15:05:01,gpu45,0,3,26.0,1423.5363426505112,0.0,53.5336,28123.13397216797
2026-07-17 15:05:01,gpu45,0,4,25.0,1418.9860029448098,0.0,53.5336,28123.13397216797
2026-07-17 15:05:01,gpu45,0,5,27.0,1417.4069237150934,0.0,53.5336,28123.13397216797
2026-07-17 15:05:01,gpu45,0,6,28.0,1417.5470946288704,0.0,53.5336,28123.13397216797
2026-07-17 15:05:01,gpu45,0,7,25.0,1421.7119506388563,0.0,53.5336,28123.13397216797
2026-07-17 15:05:01,gpu45,0,8,26.0,1415.409182606617,0.0,53.5336,28123.13397216797
2026-07-17 15:05:01,gpu45,0,9,26.0,1419.8875141834014,0.0,53.5336,28123.13397216797
2026-07-17 15:05:01,gpu45,0,10,29.0,1415.3644699909094,0.0,53.5336,28123.13397216797
2026-07-17 15:05:01,gpu45,0,11,28.0,1417.1778223058727,0.0,53.5336,28123.13397216797
2026-07-17 15:05:01,gpu45,0,12,26.0,1418.3872500432385,0.0,53.5336,28123.13397216797
2026-07-17 15:05:01,gpu45,0,13,26.0,1412.5841819763355,0.0,53.5336,28123.13397216797
2026-07-17 15:05:01,gpu45,0,14,26.0,1417.3505297561567,0.0,53.5336,28123.13397216797
2026-07-17 15:05:01,gpu45,0,15,28.0,1417.4189995602744,0.0,53.5336,28123.13397216797
2026-07-17 15:05:01,gpu45,0,16,26.0,1417.6815121267423,0.0,53.5336,28123.13397216797
2026-07-17 15:05:01,gpu45,0,17,27.0,1416.9391671355695,0.0,53.5336,28123.13397216797
2026-07-17 15:05:01,gpu45,0,18,28.0,1418.349101016288,0.0,53.5336,28123.13397216797
2026-07-17 15:05:01,gpu45,0,19,25.0,1416.9433750856938,0.0,53.5336,28123.13397216797
2026-07-17 15:05:01,gpu45,0,20,25.0,1422.515500114336,0.0,53.5336,28123.13397216797
2026-07-17 15:05:01,gpu45,0,21,25.0,1419.4899873210331,0.0,53.5336,28123.13397216797
2026-07-17 15:05:01,gpu45,0,22,27.0,1415.999823262006,0.0,53.5336,28123.13397216797
2026-07-17 15:05:01,gpu45,0,23,29.0,1418.718442541763,0.0,53.5336,28123.13397216797
2026-07-17 15:05:01,gpu45,1,0,31.0,1452.838275431055,0.0,64.9151,152500.85034179688
2026-07-17 15:05:01,gpu45,1,1,30.0,1456.9750190535774,0.99,64.9151,152500.85034179688
2026-07-17 15:05:01,gpu45,1,2,31.0,1452.7691863133648,0.0,64.9151,152500.85034179688
2026-07-17 15:05:01,gpu45,1,3,28.0,1454.1411841978847,0.0,64.9151,152500.85034179688
2026-07-17 15:05:01,gpu45,1,4,30.0,1458.228091955266,0.0,64.9151,152500.85034179688
2026-07-17 15:05:01,gpu45,1,5,29.0,1455.9994156079135,0.0,64.9151,152500.85034179688
2026-07-17 15:05:01,gpu45,1,6,30.0,1452.606646312733,0.0,64.9151,152500.85034179688
2026-07-17 15:05:01,gpu45,1,7,29.0,1455.5954966204893,0.0,64.9151,152500.85034179688
2026-07-17 15:05:01,gpu45,1,8,28.0,1451.5626277775489,0.0,64.9151,152500.85034179688
2026-07-17 15:05:01,gpu45,1,9,28.0,1453.550581729321,0.0,64.9151,152500.85034179688
2026-07-17 15:05:01,gpu45,1,10,29.0,1452.2737924028806,0.0,64.9151,152500.85034179688
2026-07-17 15:05:01,gpu45,1,11,29.0,1452.6742474506648,0.0,64.9151,152500.85034179688
2026-07-17 15:05:01,gpu45,1,12,29.0,1450.5945218626553,0.0,64.9151,152500.85034179688
2026-07-17 15:05:01,gpu45,1,13,27.0,1453.9013018575324,0.0,64.9151,152500.85034179688
2026-07-17 15:05:01,gpu45,1,14,29.0,1452.7626055489545,0.0,64.9151,152500.85034179688
2026-07-17 15:05:01,gpu45,1,15,31.0,1453.4932651529684,0.0,64.9151,152500.85034179688
2026-07-17 15:05:01,gpu45,1,16,30.0,1453.4234397011496,0.0,64.9151,152500.85034179688
2026-07-17 15:05:01,gpu45,1,17,27.0,1453.3788404730108,0.0,64.9151,152500.85034179688
2026-07-17 15:05:01,gpu45,1,18,30.0,1454.9436858610588,0.0,64.9151,152500.85034179688
2026-07-17 15:05:01,gpu45,1,19,27.0,1454.0475774844306,0.0,64.9151,152500.85034179688
2026-07-17 15:05:01,gpu45,1,20,28.0,1453.2364262725334,0.0,64.9151,152500.85034179688
2026-07-17 15:05:01,gpu45,1,21,28.0,1454.471309631322,0.0,64.9151,152500.85034179688
2026-07-17 15:05:01,gpu45,1,22,29.0,1451.3307395553602,0.0,64.9151,152500.85034179688
2026-07-17 15:05:01,gpu45,1,23,30.0,1453.286986116817,0.0,64.9151,152500.85034179688
2026-07-17 15:10:01,gpu45,0,0,29.0,1431.3348173451432,0.02,53.5881,44107.34130859375
2026-07-17 15:10:01,gpu45,0,1,27.0,1431.9174722724538,0.0,53.5881,44107.34130859375
2026-07-17 15:10:01,gpu45,0,2,29.0,1428.276614488428,0.0,53.5881,44107.34130859375
2026-07-17 15:10:01,gpu45,0,3,25.0,1423.5341243800053,0.0,53.5881,44107.34130859375
2026-07-17 15:10:01,gpu45,0,4,25.0,1418.9838234124436,0.0,53.5881,44107.34130859375
2026-07-17 15:10:01,gpu45,0,5,26.0,1417.4047362365513,0.0,53.5881,44107.34130859375
2026-07-17 15:10:01,gpu45,0,6,27.0,1417.5448827448145,0.0,53.5881,44107.34130859375
2026-07-17 15:10:01,gpu45,0,7,25.0,1421.7097818073485,0.0,53.5881,44107.34130859375
2026-07-17 15:10:01,gpu45,0,8,26.0,1415.4069891929516,0.0,53.5881,44107.34130859375
2026-07-17 15:10:01,gpu45,0,9,25.0,1419.8853347831164,0.0,53.5881,44107.34130859375
2026-07-17 15:10:01,gpu45,0,10,28.0,1415.3622660798542,0.0,53.5881,44107.34130859375
2026-07-17 15:10:01,gpu45,0,11,28.0,1417.1752175158815,0.0,53.5881,44107.34130859375
2026-07-17 15:10:01,gpu45,0,12,26.0,1418.3850416223797,0.0,53.5881,44107.34130859375
2026-07-17 15:10:01,gpu45,0,13,25.0,1412.581921910481,0.0,53.5881,44107.34130859375
2026-07-17 15:10:01,gpu45,0,14,26.0,1417.3483557617408,0.0,53.5881,44107.34130859375
2026-07-17 15:10:01,gpu45,0,15,27.0,1417.4168090669934,0.0,53.5881,44107.34130859375
2026-07-17 15:10:01,gpu45,0,16,26.0,1417.6791631989408,0.0,53.5881,44107.34130859375
2026-07-17 15:10:01,gpu45,0,17,27.0,1416.9366974219035,0.0,53.5881,44107.34130859375
2026-07-17 15:10:01,gpu45,0,18,27.0,1418.3468990504764,0.0,53.5881,44107.34130859375
2026-07-17 15:10:01,gpu45,0,19,25.0,1416.9411660920161,0.0,53.5881,44107.34130859375
2026-07-17 15:10:01,gpu45,0,20,25.0,1422.5133077245566,0.0,53.5881,44107.34130859375
2026-07-17 15:10:01,gpu45,0,21,25.0,1419.487782476965,0.0,53.5881,44107.34130859375
2026-07-17 15:10:01,gpu45,0,22,26.0,1415.997473311835,0.0,53.5881,44107.34130859375
2026-07-17 15:10:01,gpu45,0,23,29.0,1418.7162299107874,0.0,53.5881,44107.34130859375
2026-07-17 15:10:01,gpu45,1,0,31.0,1452.8361635159906,0.0,64.8799,168004.60791015625
2026-07-17 15:10:01,gpu45,1,1,30.0,1456.9729050938388,0.0,64.8799,168004.60791015625
2026-07-17 15:10:01,gpu45,1,2,31.0,1452.7670627280136,0.0,64.8799,168004.60791015625
2026-07-17 15:10:01,gpu45,1,3,28.0,1454.1390374408413,0.99,64.8799,168004.60791015625
2026-07-17 15:10:01,gpu45,1,4,29.0,1458.226058021892,0.0,64.8799,168004.60791015625
2026-07-17 15:10:01,gpu45,1,5,29.0,1455.9973623590424,0.0,64.8799,168004.60791015625
2026-07-17 15:10:01,gpu45,1,6,29.0,1452.605862195098,0.0,64.8799,168004.60791015625
2026-07-17 15:10:01,gpu45,1,7,28.0,1455.5938522536107,0.0,64.8799,168004.60791015625
2026-07-17 15:10:01,gpu45,1,8,30.0,1451.5612033467105,0.0,64.8799,168004.60791015625
2026-07-17 15:10:01,gpu45,1,9,28.0,1453.5487571134092,0.0,64.8799,168004.60791015625
2026-07-17 15:10:01,gpu45,1,10,28.0,1452.271753612397,0.0,64.8799,168004.60791015625
2026-07-17 15:10:01,gpu45,1,11,29.0,1452.6721951489578,0.0,64.8799,168004.60791015625
2026-07-17 15:10:01,gpu45,1,12,29.0,1450.5924575314368,0.0,64.8799,168004.60791015625
2026-07-17 15:10:01,gpu45,1,13,27.0,1453.8992404263536,0.0,64.8799,168004.60791015625
2026-07-17 15:10:01,gpu45,1,14,30.0,1452.7605747998223,0.0,64.8799,168004.60791015625
2026-07-17 15:10:01,gpu45,1,15,30.0,1453.4912297776234,0.0,64.8799,168004.60791015625
2026-07-17 15:10:01,gpu45,1,16,30.0,1453.4213551518683,0.0,64.8799,168004.60791015625
2026-07-17 15:10:01,gpu45,1,17,27.0,1453.3767433214261,0.0,64.8799,168004.60791015625
2026-07-17 15:10:01,gpu45,1,18,29.0,1454.9416146198214,0.0,64.8799,168004.60791015625
2026-07-17 15:10:01,gpu45,1,19,26.0,1454.0455411178145,0.0,64.8799,168004.60791015625
2026-07-17 15:10:01,gpu45,1,20,27.0,1453.2343752397,0.0,64.8799,168004.60791015625
2026-07-17 15:10:01,gpu45,1,21,28.0,1454.4691868632644,0.0,64.8799,168004.60791015625
2026-07-17 15:10:01,gpu45,1,22,29.0,1451.3286867918343,0.0,64.8799,168004.60791015625
2026-07-17 15:10:01,gpu45,1,23,30.0,1453.2849133350624,0.0,64.8799,168004.60791015625
2026-07-17 15:15:01,gpu45,0,0,28.0,1431.3325164698742,0.02,53.3936,60099.051696777344
2026-07-17 15:15:01,gpu45,0,1,27.0,1431.9153458368826,0.0,53.3936,60099.051696777344
2026-07-17 15:15:01,gpu45,0,2,28.0,1428.274481953209,0.0,53.3936,60099.051696777344
2026-07-17 15:15:01,gpu45,0,3,25.0,1423.5319122159522,0.0,53.3936,60099.051696777344
2026-07-17 15:15:01,gpu45,0,4,25.0,1418.9816520468537,0.0,53.3936,60099.051696777344
2026-07-17 15:15:01,gpu45,0,5,26.0,1417.4025565886418,0.0,53.3936,60099.051696777344
2026-07-17 15:15:01,gpu45,0,6,28.0,1417.5426775204264,0.0,53.3936,60099.051696777344
2026-07-17 15:15:01,gpu45,0,7,25.0,1421.7076187357359,0.0,53.3936,60099.051696777344
2026-07-17 15:15:01,gpu45,0,8,26.0,1415.4047987066374,0.0,53.3936,60099.051696777344
2026-07-17 15:15:01,gpu45,0,9,26.0,1419.8831623739372,0.0,53.3936,60099.051696777344
2026-07-17 15:15:01,gpu45,0,10,28.0,1415.3600677335228,0.0,53.3936,60099.051696777344
2026-07-17 15:15:01,gpu45,0,11,27.0,1417.1725770298988,0.0,53.3936,60099.051696777344
2026-07-17 15:15:01,gpu45,0,12,26.0,1418.3828402842555,0.0,53.3936,60099.051696777344
2026-07-17 15:15:01,gpu45,0,13,25.0,1412.5796899858744,0.0,53.3936,60099.051696777344
2026-07-17 15:15:01,gpu45,0,14,26.0,1417.3461849728624,0.0,53.3936,60099.051696777344
2026-07-17 15:15:01,gpu45,0,15,27.0,1417.4146171086968,0.0,53.3936,60099.051696777344
2026-07-17 15:15:01,gpu45,0,16,26.0,1417.676579618991,0.0,53.3936,60099.051696777344
2026-07-17 15:15:01,gpu45,0,17,27.0,1416.934490212324,0.0,53.3936,60099.051696777344
2026-07-17 15:15:01,gpu45,0,18,27.0,1418.3447026218823,0.0,53.3936,60099.051696777344
2026-07-17 15:15:01,gpu45,0,19,24.0,1416.938959235168,0.0,53.3936,60099.051696777344
2026-07-17 15:15:01,gpu45,0,20,25.0,1422.511118270972,0.0,53.3936,60099.051696777344
2026-07-17 15:15:01,gpu45,0,21,25.0,1419.4855914403033,0.0,53.3936,60099.051696777344
2026-07-17 15:15:01,gpu45,0,22,27.0,1415.9951029640174,0.99,53.3936,60099.051696777344
2026-07-17 15:15:01,gpu45,0,23,29.0,1418.7140213786015,0.0,53.3936,60099.051696777344
2026-07-17 15:15:01,gpu45,1,0,30.0,1452.8340423777572,0.0,64.9044,183539.51556396484
2026-07-17 15:15:01,gpu45,1,1,30.0,1456.970796508682,0.0,64.9044,183539.51556396484
2026-07-17 15:15:01,gpu45,1,2,30.0,1452.7649270995535,0.0,64.9044,183539.51556396484
2026-07-17 15:15:01,gpu45,1,3,27.0,1454.1369064397372,0.0,64.9044,183539.51556396484
2026-07-17 15:15:01,gpu45,1,4,29.0,1458.2240378074036,0.0,64.9044,183539.51556396484
2026-07-17 15:15:01,gpu45,1,5,29.0,1455.9957118742054,0.0,64.9044,183539.51556396484
2026-07-17 15:15:01,gpu45,1,6,35.0,1452.6049769596923,0.0,64.9044,183539.51556396484
2026-07-17 15:15:01,gpu45,1,7,27.0,1455.5920286166422,0.0,64.9044,183539.51556396484
2026-07-17 15:15:01,gpu45,1,8,27.0,1451.5597927865683,0.0,64.9044,183539.51556396484
2026-07-17 15:15:01,gpu45,1,9,27.0,1453.5467043937128,0.0,64.9044,183539.51556396484
2026-07-17 15:15:01,gpu45,1,10,28.0,1452.2697121338783,0.0,64.9044,183539.51556396484
2026-07-17 15:15:01,gpu45,1,11,29.0,1452.6701396291737,0.0,64.9044,183539.51556396484
2026-07-17 15:15:01,gpu45,1,12,29.0,1450.5903968792722,0.0,64.9044,183539.51556396484
2026-07-17 15:15:01,gpu45,1,13,27.0,1453.897182561874,0.0,64.9044,183539.51556396484
2026-07-17 15:15:01,gpu45,1,14,29.0,1452.7585483461214,0.0,64.9044,183539.51556396484
2026-07-17 15:15:01,gpu45,1,15,30.0,1453.4891969855366,0.0,64.9044,183539.51556396484
2026-07-17 15:15:01,gpu45,1,16,29.0,1453.419295373911,0.0,64.9044,183539.51556396484
2026-07-17 15:15:01,gpu45,1,17,27.0,1453.3746490968617,0.0,64.9044,183539.51556396484
2026-07-17 15:15:01,gpu45,1,18,30.0,1454.9395594474659,0.0,64.9044,183539.51556396484
2026-07-17 15:15:01,gpu45,1,19,26.0,1454.0435078753862,0.0,64.9044,183539.51556396484
2026-07-17 15:15:01,gpu45,1,20,27.0,1453.2323266682788,0.0,64.9044,183539.51556396484
2026-07-17 15:15:01,gpu45,1,21,28.0,1454.4670659072237,0.0,64.9044,183539.51556396484
2026-07-17 15:15:01,gpu45,1,22,29.0,1451.3266378014785,0.0,64.9044,183539.51556396484
2026-07-17 15:15:01,gpu45,1,23,30.0,1453.2828405883602,0.0,64.9044,183539.51556396484
2026-07-17 15:20:02,gpu45,0,0,30.0,1431.3302559750498,0.0,53.5615,76114.0350341797
2026-07-17 15:20:02,gpu45,0,1,29.0,1431.913205585982,0.0,53.5615,76114.0350341797
2026-07-17 15:20:02,gpu45,0,2,29.0,1428.2723195632386,0.0,53.5615,76114.0350341797
2026-07-17 15:20:02,gpu45,0,3,26.0,1423.529696513645,0.0,53.5615,76114.0350341797
2026-07-17 15:20:02,gpu45,0,4,26.0,1418.9794680984517,0.0,53.5615,76114.0350341797
2026-07-17 15:20:02,gpu45,0,5,27.0,1417.4003607192833,0.0,53.5615,76114.0350341797
2026-07-17 15:20:02,gpu45,0,6,28.0,1417.5404570598325,0.0,53.5615,76114.0350341797
2026-07-17 15:20:02,gpu45,0,7,26.0,1421.7054390513658,0.0,53.5615,76114.0350341797
2026-07-17 15:20:02,gpu45,0,8,26.0,1415.402596274201,0.0,53.5615,76114.0350341797
2026-07-17 15:20:02,gpu45,0,9,27.0,1419.8809729002471,0.0,53.5615,76114.0350341797
2026-07-17 15:20:02,gpu45,0,10,29.0,1415.357856844525,0.0,53.5615,76114.0350341797
2026-07-17 15:20:02,gpu45,0,11,28.0,1417.1699222224725,0.0,53.5615,76114.0350341797
2026-07-17 15:20:02,gpu45,0,12,27.0,1418.3806237199642,0.0,53.5615,76114.0350341797
2026-07-17 15:20:02,gpu45,0,13,26.0,1412.5773959117193,0.0,53.5615,76114.0350341797
2026-07-17 15:20:02,gpu45,0,14,26.0,1417.3440031667517,0.0,53.5615,76114.0350341797
2026-07-17 15:20:02,gpu45,0,15,28.0,1417.412404943716,0.0,53.5615,76114.0350341797
2026-07-17 15:20:02,gpu45,0,16,27.0,1417.6739829857354,0.0,53.5615,76114.0350341797
2026-07-17 15:20:02,gpu45,0,17,27.0,1416.9322639929017,0.0,53.5615,76114.0350341797
2026-07-17 15:20:02,gpu45,0,18,29.0,1418.3424959699244,0.0,53.5615,76114.0350341797
2026-07-17 15:20:02,gpu45,0,19,25.0,1416.9367371317921,0.0,53.5615,76114.0350341797
2026-07-17 15:20:02,gpu45,0,20,26.0,1422.508917375288,0.0,53.5615,76114.0350341797
2026-07-17 15:20:02,gpu45,0,21,26.0,1419.483340439343,0.0,53.5615,76114.0350341797
2026-07-17 15:20:02,gpu45,0,22,28.0,1415.9928357912218,0.0,53.5615,76114.0350341797
2026-07-17 15:20:02,gpu45,0,23,30.0,1418.711800042874,0.0,53.5615,76114.0350341797
2026-07-17 15:20:02,gpu45,1,0,31.0,1452.831895269471,0.0,64.9415,199078.7353515625
2026-07-17 15:20:02,gpu45,1,1,31.0,1456.968695203029,0.0,64.9415,199078.7353515625
2026-07-17 15:20:02,gpu45,1,2,31.0,1452.762727484492,0.0,64.9415,199078.7353515625
2026-07-17 15:20:02,gpu45,1,3,28.0,1454.1347685352641,0.0,64.9415,199078.7353515625
2026-07-17 15:20:02,gpu45,1,4,30.0,1458.2219789988533,0.0,64.9415,199078.7353515625
2026-07-17 15:20:02,gpu45,1,5,30.0,1455.9948848519275,0.0,64.9415,199078.7353515625
2026-07-17 15:20:02,gpu45,1,6,30.0,1452.603351496779,0.0,64.9415,199078.7353515625
2026-07-17 15:20:02,gpu45,1,7,29.0,1455.590826292852,0.0,64.9415,199078.7353515625
2026-07-17 15:20:02,gpu45,1,8,29.0,1451.5577431669603,0.0,64.9415,199078.7353515625
2026-07-17 15:20:02,gpu45,1,9,28.0,1453.544644004045,0.0,64.9415,199078.7353515625
2026-07-17 15:20:02,gpu45,1,10,29.0,1452.2676627606807,0.0,64.9415,199078.7353515625
2026-07-17 15:20:02,gpu45,1,11,30.0,1452.6680700067561,0.0,64.9415,199078.7353515625
2026-07-17 15:20:02,gpu45,1,12,30.0,1450.5883237877615,0.0,64.9415,199078.7353515625
2026-07-17 15:20:02,gpu45,1,13,28.0,1453.895116924571,0.0,64.9415,199078.7353515625
2026-07-17 15:20:02,gpu45,1,14,30.0,1452.7565111986,0.0,64.9415,199078.7353515625
2026-07-17 15:20:02,gpu45,1,15,31.0,1453.4871547084415,0.0,64.9415,199078.7353515625
2026-07-17 15:20:02,gpu45,1,16,30.0,1453.4172187105903,0.0,64.9415,199078.7353515625
2026-07-17 15:20:02,gpu45,1,17,27.0,1453.3725461967674,0.0,64.9415,199078.7353515625
2026-07-17 15:20:02,gpu45,1,18,30.0,1454.937492423606,0.0,64.9415,199078.7353515625
2026-07-17 15:20:02,gpu45,1,19,27.0,1454.0414547801736,0.0,64.9415,199078.7353515625
2026-07-17 15:20:02,gpu45,1,20,28.0,1453.230269040806,0.0,64.9415,199078.7353515625
2026-07-17 15:20:02,gpu45,1,21,29.0,1454.4649382745945,0.0,64.9415,199078.7353515625
2026-07-17 15:20:02,gpu45,1,22,30.0,1451.3245768421002,0.0,64.9415,199078.7353515625
2026-07-17 15:20:02,gpu45,1,23,31.0,1453.2807563911304,0.0,64.9415,199078.7353515625
2026-07-17 15:25:01,gpu45,0,0,29.0,1431.3279529054241,0.04,53.7459,92094.2655029297
2026-07-17 15:25:01,gpu45,0,1,28.0,1431.9110472519587,0.0,53.7459,92094.2655029297
2026-07-17 15:25:01,gpu45,0,2,28.0,1428.2701577390853,0.0,53.7459,92094.2655029297
2026-07-17 15:25:01,gpu45,0,3,25.0,1423.5274756897961,0.0,53.7459,92094.2655029297
2026-07-17 15:25:01,gpu45,0,4,25.0,1418.9772788940722,0.0,53.7459,92094.2655029297
2026-07-17 15:25:01,gpu45,0,5,26.0,1417.3981624178855,0.0,53.7459,92094.2655029297
2026-07-17 15:25:01,gpu45,0,6,27.0,1417.5382344549116,0.0,53.7459,92094.2655029297
2026-07-17 15:25:01,gpu45,0,7,25.0,1421.7032563865498,0.0,53.7459,92094.2655029297
2026-07-17 15:25:01,gpu45,0,8,25.0,1415.400396947838,0.0,53.7459,92094.2655029297
2026-07-17 15:25:01,gpu45,0,9,26.0,1419.8787841993385,0.0,53.7459,92094.2655029297
2026-07-17 15:25:01,gpu45,0,10,28.0,1415.355645824607,0.0,53.7459,92094.2655029297
2026-07-17 15:25:01,gpu45,0,11,27.0,1417.1672747986495,0.0,53.7459,92094.2655029297
2026-07-17 15:25:01,gpu45,0,12,26.0,1418.378404681322,0.0,53.7459,92094.2655029297
2026-07-17 15:25:01,gpu45,0,13,25.0,1412.5751463997449,0.0,53.7459,92094.2655029297
2026-07-17 15:25:01,gpu45,0,14,26.0,1417.3418186762137,0.0,53.7459,92094.2655029297
2026-07-17 15:25:01,gpu45,0,15,27.0,1417.4101900737878,0.0,53.7459,92094.2655029297
2026-07-17 15:25:01,gpu45,0,16,26.0,1417.6713217426563,0.0,53.7459,92094.2655029297
2026-07-17 15:25:01,gpu45,0,17,26.0,1416.9300341072478,0.0,53.7459,92094.2655029297
2026-07-17 15:25:01,gpu45,0,18,27.0,1418.340287854436,0.0,53.7459,92094.2655029297
2026-07-17 15:25:01,gpu45,0,19,24.0,1416.9345245718773,0.0,53.7459,92094.2655029297
2026-07-17 15:25:01,gpu45,0,20,25.0,1422.506723034507,0.0,53.7459,92094.2655029297
2026-07-17 15:25:01,gpu45,0,21,25.0,1419.4811560617118,0.0,53.7459,92094.2655029297
2026-07-17 15:25:01,gpu45,0,22,27.0,1415.990594386459,0.0,53.7459,92094.2655029297
2026-07-17 15:25:01,gpu45,0,23,29.0,1418.7095772485206,0.0,53.7459,92094.2655029297
2026-07-17 15:25:01,gpu45,1,0,31.0,1452.8297793742017,0.0,64.9278,214551.27667236328
2026-07-17 15:25:01,gpu45,1,1,30.0,1456.9665867104397,0.0,64.9278,214551.27667236328
2026-07-17 15:25:01,gpu45,1,2,32.0,1452.7605970483783,0.0,64.9278,214551.27667236328
2026-07-17 15:25:01,gpu45,1,3,27.0,1454.1326441251604,0.0,64.9278,214551.27667236328
2026-07-17 15:25:01,gpu45,1,4,29.0,1458.2199280610673,0.0,64.9278,214551.27667236328
2026-07-17 15:25:01,gpu45,1,5,29.0,1455.9940123572574,0.0,64.9278,214551.27667236328
2026-07-17 15:25:01,gpu45,1,6,30.0,1452.6015043651942,0.99,64.9278,214551.27667236328
2026-07-17 15:25:01,gpu45,1,7,27.0,1455.5897734561881,0.0,64.9278,214551.27667236328
2026-07-17 15:25:01,gpu45,1,8,27.0,1451.5556992558395,0.0,64.9278,214551.27667236328
2026-07-17 15:25:01,gpu45,1,9,27.0,1453.5426115487742,0.0,64.9278,214551.27667236328
2026-07-17 15:25:01,gpu45,1,10,28.0,1452.2656198630725,0.99,64.9278,214551.27667236328
2026-07-17 15:25:01,gpu45,1,11,30.0,1452.6660133487742,0.0,64.9278,214551.27667236328
2026-07-17 15:25:01,gpu45,1,12,29.0,1450.5862518860918,0.0,64.9278,214551.27667236328
2026-07-17 15:25:01,gpu45,1,13,27.0,1453.8930542295586,0.0,64.9278,214551.27667236328
2026-07-17 15:25:01,gpu45,1,14,29.0,1452.7544791834603,0.0,64.9278,214551.27667236328
2026-07-17 15:25:01,gpu45,1,15,30.0,1453.4851188704215,0.0,64.9278,214551.27667236328
2026-07-17 15:25:01,gpu45,1,16,30.0,1453.4151475841868,0.0,64.9278,214551.27667236328
2026-07-17 15:25:01,gpu45,1,17,26.0,1453.3704535525828,0.0,64.9278,214551.27667236328
2026-07-17 15:25:01,gpu45,1,18,29.0,1454.9354326112946,0.0,64.9278,214551.27667236328
2026-07-17 15:25:01,gpu45,1,19,26.0,1454.0394047824357,0.0,64.9278,214551.27667236328
2026-07-17 15:25:01,gpu45,1,20,27.0,1453.228216514639,0.0,64.9278,214551.27667236328
2026-07-17 15:25:01,gpu45,1,21,28.0,1454.4628309325365,0.0,64.9278,214551.27667236328
2026-07-17 15:25:01,gpu45,1,22,29.0,1451.3225237775357,0.0,64.9278,214551.27667236328
2026-07-17 15:25:01,gpu45,1,23,30.0,1453.2786633835688,0.0,64.9278,214551.27667236328
2026-07-17 15:30:01,gpu45,0,0,29.0,1431.325662620467,0.0,53.4267,108130.54974365234
2026-07-17 15:30:01,gpu45,0,1,27.0,1431.9089030197506,0.0,53.4267,108130.54974365234
2026-07-17 15:30:01,gpu45,0,2,28.0,1428.2679990955648,0.0,53.4267,108130.54974365234
2026-07-17 15:30:01,gpu45,0,3,25.0,1423.5252621286822,0.0,53.4267,108130.54974365234
2026-07-17 15:30:01,gpu45,0,4,25.0,1418.9750976240905,0.0,53.4267,108130.54974365234
2026-07-17 15:30:01,gpu45,0,5,27.0,1417.3959685357147,0.0,53.4267,108130.54974365234
2026-07-17 15:30:01,gpu45,0,6,28.0,1417.5360255310543,0.0,53.4267,108130.54974365234
2026-07-17 15:30:01,gpu45,0,7,25.0,1421.7010787169115,0.0,53.4267,108130.54974365234
2026-07-17 15:30:01,gpu45,0,8,26.0,1415.3981929778893,0.0,53.4267,108130.54974365234
2026-07-17 15:30:01,gpu45,0,9,25.0,1419.8766002285402,0.0,53.4267,108130.54974365234
2026-07-17 15:30:01,gpu45,0,10,28.0,1415.3534378035645,0.0,53.4267,108130.54974365234
2026-07-17 15:30:01,gpu45,0,11,27.0,1417.164620123367,0.0,53.4267,108130.54974365234
2026-07-17 15:30:01,gpu45,0,12,26.0,1418.376188031762,0.0,53.4267,108130.54974365234
2026-07-17 15:30:01,gpu45,0,13,25.0,1412.5728495996561,0.0,53.4267,108130.54974365234
2026-07-17 15:30:01,gpu45,0,14,26.0,1417.3396386686054,0.0,53.4267,108130.54974365234
2026-07-17 15:30:01,gpu45,0,15,27.0,1417.4079814744662,0.0,53.4267,108130.54974365234
2026-07-17 15:30:01,gpu45,0,16,26.0,1417.6687133116593,0.0,53.4267,108130.54974365234
2026-07-17 15:30:01,gpu45,0,17,27.0,1416.9278194719905,0.0,53.4267,108130.54974365234
2026-07-17 15:30:01,gpu45,0,18,27.0,1418.3380807208805,0.0,53.4267,108130.54974365234
2026-07-17 15:30:01,gpu45,0,19,23.0,1416.9323037317292,0.0,53.4267,108130.54974365234
2026-07-17 15:30:01,gpu45,0,20,24.0,1422.5045236695692,0.0,53.4267,108130.54974365234
2026-07-17 15:30:01,gpu45,0,21,25.0,1419.4789531234583,0.0,53.4267,108130.54974365234
2026-07-17 15:30:01,gpu45,0,22,27.0,1415.9883548211556,0.0,53.4267,108130.54974365234
2026-07-17 15:30:01,gpu45,0,23,29.0,1418.7073573186935,0.0,53.4267,108130.54974365234
2026-07-17 15:30:01,gpu45,1,0,30.0,1452.827618483186,0.0,64.8239,230071.31439208984
2026-07-17 15:30:01,gpu45,1,1,30.0,1456.9645141563294,0.0,64.8239,230071.31439208984
2026-07-17 15:30:01,gpu45,1,2,31.0,1452.7584507840652,0.0,64.8239,230071.31439208984
2026-07-17 15:30:01,gpu45,1,3,27.0,1454.1305141433832,0.0,64.8239,230071.31439208984
2026-07-17 15:30:01,gpu45,1,4,30.0,1458.2178846902843,0.0,64.8239,230071.31439208984
2026-07-17 15:30:01,gpu45,1,5,29.0,1455.993240166729,0.0,64.8239,230071.31439208984
2026-07-17 15:30:01,gpu45,1,6,35.0,1452.6003097160685,0.0,64.8239,230071.31439208984
2026-07-17 15:30:01,gpu45,1,7,27.0,1455.587948681356,0.0,64.8239,230071.31439208984
2026-07-17 15:30:01,gpu45,1,8,28.0,1451.55364845064,0.0,64.8239,230071.31439208984
2026-07-17 15:30:01,gpu45,1,9,28.0,1453.5405825956968,0.0,64.8239,230071.31439208984
2026-07-17 15:30:01,gpu45,1,10,29.0,1452.26358445927,0.0,64.8239,230071.31439208984
2026-07-17 15:30:01,gpu45,1,11,29.0,1452.6639947750016,0.0,64.8239,230071.31439208984
2026-07-17 15:30:01,gpu45,1,12,29.0,1450.5841808933233,0.0,64.8239,230071.31439208984
2026-07-17 15:30:01,gpu45,1,13,27.0,1453.8909958871686,0.0,64.8239,230071.31439208984
2026-07-17 15:30:01,gpu45,1,14,29.0,1452.7524520422112,0.0,64.8239,230071.31439208984
2026-07-17 15:30:01,gpu45,1,15,30.0,1453.483085619758,0.0,64.8239,230071.31439208984
2026-07-17 15:30:01,gpu45,1,16,30.0,1453.4130791122814,0.0,64.8239,230071.31439208984
2026-07-17 15:30:01,gpu45,1,17,27.0,1453.3684278964029,0.0,64.8239,230071.31439208984
2026-07-17 15:30:01,gpu45,1,18,30.0,1454.9333747802766,0.0,64.8239,230071.31439208984
2026-07-17 15:30:01,gpu45,1,19,26.0,1454.0373591886785,0.0,64.8239,230071.31439208984
2026-07-17 15:30:01,gpu45,1,20,27.0,1453.2261642536794,0.0,64.8239,230071.31439208984
2026-07-17 15:30:01,gpu45,1,21,28.0,1454.4607114082826,0.0,64.8239,230071.31439208984
2026-07-17 15:30:01,gpu45,1,22,30.0,1451.3204725581566,0.0,64.8239,230071.31439208984
2026-07-17 15:30:01,gpu45,1,23,30.0,1453.2765744654573,0.0,64.8239,230071.31439208984
2026-07-17 15:35:01,gpu45,0,0,29.0,1431.3233676964796,0.0,53.623,124151.00115966797
2026-07-17 15:35:01,gpu45,0,1,27.0,1431.9067506485585,0.0,53.623,124151.00115966797
2026-07-17 15:35:01,gpu45,0,2,28.0,1428.2658602135766,0.0,53.623,124151.00115966797
2026-07-17 15:35:01,gpu45,0,3,25.0,1423.5230575300955,0.0,53.623,124151.00115966797
2026-07-17 15:35:01,gpu45,0,4,24.0,1418.9729192345408,0.0,53.623,124151.00115966797
2026-07-17 15:35:01,gpu45,0,5,27.0,1417.3937826021083,0.0,53.623,124151.00115966797
2026-07-17 15:35:01,gpu45,0,6,27.0,1417.5338187978448,0.0,53.623,124151.00115966797
2026-07-17 15:35:01,gpu45,0,7,25.0,1421.6989102241407,0.0,53.623,124151.00115966797
2026-07-17 15:35:01,gpu45,0,8,25.0,1415.3959970557842,0.0,53.623,124151.00115966797
2026-07-17 15:35:01,gpu45,0,9,26.0,1419.8744225450841,0.0,53.623,124151.00115966797
2026-07-17 15:35:01,gpu45,0,10,28.0,1415.3512361091289,0.0,53.623,124151.00115966797
2026-07-17 15:35:01,gpu45,0,11,27.0,1417.161976281413,0.0,53.623,124151.00115966797
2026-07-17 15:35:01,gpu45,0,12,26.0,1418.3739785472383,0.0,53.623,124151.00115966797
2026-07-17 15:35:01,gpu45,0,13,26.0,1412.5706117981679,0.0,53.623,124151.00115966797
2026-07-17 15:35:01,gpu45,0,14,25.0,1417.3373318767278,0.0,53.623,124151.00115966797
2026-07-17 15:35:01,gpu45,0,15,27.0,1417.4057817352518,0.0,53.623,124151.00115966797
2026-07-17 15:35:01,gpu45,0,16,26.0,1417.6661273230332,0.0,53.623,124151.00115966797
2026-07-17 15:35:01,gpu45,0,17,27.0,1416.925609852911,0.0,53.623,124151.00115966797
2026-07-17 15:35:01,gpu45,0,18,27.0,1418.3358791282778,0.0,53.623,124151.00115966797
2026-07-17 15:35:01,gpu45,0,19,24.0,1416.9300944429126,0.0,53.623,124151.00115966797
2026-07-17 15:35:01,gpu45,0,20,25.0,1422.5023341562462,0.0,53.623,124151.00115966797
2026-07-17 15:35:01,gpu45,0,21,24.0,1419.4767786533641,0.0,53.623,124151.00115966797
2026-07-17 15:35:01,gpu45,0,22,27.0,1415.9861234660168,0.0,53.623,124151.00115966797
2026-07-17 15:35:01,gpu45,0,23,29.0,1418.7051442964414,0.0,53.623,124151.00115966797
2026-07-17 15:35:01,gpu45,1,0,31.0,1452.8254502737163,0.0,64.7704,245563.18811035156
2026-07-17 15:35:01,gpu45,1,1,30.0,1456.962386434584,0.0,64.7704,245563.18811035156
2026-07-17 15:35:01,gpu45,1,2,31.0,1452.7563259926685,0.0,64.7704,245563.18811035156
2026-07-17 15:35:01,gpu45,1,3,27.0,1454.1283784680193,0.0,64.7704,245563.18811035156
2026-07-17 15:35:01,gpu45,1,4,29.0,1458.2158428714065,0.0,64.7704,245563.18811035156
2026-07-17 15:35:01,gpu45,1,5,32.0,1455.9928373659363,0.0,64.7704,245563.18811035156
2026-07-17 15:35:01,gpu45,1,6,31.0,1452.5991301883223,0.0,64.7704,245563.18811035156
2026-07-17 15:35:01,gpu45,1,7,28.0,1455.585909851488,0.0,64.7704,245563.18811035156
2026-07-17 15:35:01,gpu45,1,8,27.0,1451.5516147635658,0.0,64.7704,245563.18811035156
2026-07-17 15:35:01,gpu45,1,9,28.0,1453.5385334590078,0.0,64.7704,245563.18811035156
2026-07-17 15:35:01,gpu45,1,10,29.0,1452.2615465655995,0.0,64.7704,245563.18811035156
2026-07-17 15:35:01,gpu45,1,11,30.0,1452.6619443228142,0.0,64.7704,245563.18811035156
2026-07-17 15:35:01,gpu45,1,12,29.0,1450.5821101562528,0.0,64.7704,245563.18811035156
2026-07-17 15:35:01,gpu45,1,13,27.0,1453.8889624461099,0.0,64.7704,245563.18811035156
2026-07-17 15:35:01,gpu45,1,14,29.0,1452.750424155769,0.0,64.7704,245563.18811035156
2026-07-17 15:35:01,gpu45,1,15,30.0,1453.4810497957205,0.0,64.7704,245563.18811035156
2026-07-17 15:35:01,gpu45,1,16,30.0,1453.411015259323,0.0,64.7704,245563.18811035156
2026-07-17 15:35:01,gpu45,1,17,27.0,1453.3663329970934,0.0,64.7704,245563.18811035156
2026-07-17 15:35:01,gpu45,1,18,30.0,1454.931318493918,0.0,64.7704,245563.18811035156
2026-07-17 15:35:01,gpu45,1,19,26.0,1454.0353163891102,0.0,64.7704,245563.18811035156
2026-07-17 15:35:01,gpu45,1,20,27.0,1453.2241164483607,0.0,64.7704,245563.18811035156
2026-07-17 15:35:01,gpu45,1,21,29.0,1454.4585911000743,0.0,64.7704,245563.18811035156
2026-07-17 15:35:01,gpu45,1,22,30.0,1451.3184284876615,0.0,64.7704,245563.18811035156
2026-07-17 15:35:01,gpu45,1,23,30.0,1453.2744795042752,0.0,64.7704,245563.18811035156
2026-07-17 15:40:01,gpu45,0,0,30.0,1431.3210474450502,0.0,53.6112,140182.46948242188
2026-07-17 15:40:01,gpu45,0,1,29.0,1431.9045529592338,0.0,53.6112,140182.46948242188
2026-07-17 15:40:01,gpu45,0,2,29.0,1428.2637085716747,0.0,53.6112,140182.46948242188
2026-07-17 15:40:01,gpu45,0,3,26.0,1423.5208475739487,0.0,53.6112,140182.46948242188
2026-07-17 15:40:01,gpu45,0,4,26.0,1418.9707394372338,0.0,53.6112,140182.46948242188
2026-07-17 15:40:01,gpu45,0,5,27.0,1417.391594442336,0.0,53.6112,140182.46948242188
2026-07-17 15:40:01,gpu45,0,6,29.0,1417.5316060093942,0.0,53.6112,140182.46948242188
2026-07-17 15:40:01,gpu45,0,7,26.0,1421.6967353558705,0.0,53.6112,140182.46948242188
2026-07-17 15:40:01,gpu45,0,8,27.0,1415.3937962181653,0.0,53.6112,140182.46948242188
2026-07-17 15:40:01,gpu45,0,9,27.0,1419.8722405651172,0.0,53.6112,140182.46948242188
2026-07-17 15:40:01,gpu45,0,10,29.0,1415.3490305696835,0.0,53.6112,140182.46948242188
2026-07-17 15:40:01,gpu45,0,11,28.0,1417.1593303600075,0.0,53.6112,140182.46948242188
2026-07-17 15:40:01,gpu45,0,12,27.0,1418.3717677054435,0.0,53.6112,140182.46948242188
2026-07-17 15:40:01,gpu45,0,13,26.0,1412.5683690691367,0.0,53.6112,140182.46948242188
2026-07-17 15:40:01,gpu45,0,14,26.0,1417.335030999507,0.0,53.6112,140182.46948242188
2026-07-17 15:40:01,gpu45,0,15,28.0,1417.403575682477,0.0,53.6112,140182.46948242188
2026-07-17 15:40:01,gpu45,0,16,27.0,1417.6639039984143,0.0,53.6112,140182.46948242188
2026-07-17 15:40:01,gpu45,0,17,28.0,1416.923015326051,0.0,53.6112,140182.46948242188
2026-07-17 15:40:01,gpu45,0,18,28.0,1418.3336756744225,0.0,53.6112,140182.46948242188
2026-07-17 15:40:01,gpu45,0,19,25.0,1416.9278814939353,0.0,53.6112,140182.46948242188
2026-07-17 15:40:01,gpu45,0,20,26.0,1422.5001408018322,0.0,53.6112,140182.46948242188
2026-07-17 15:40:01,gpu45,0,21,25.0,1419.4745999252143,0.0,53.6112,140182.46948242188
2026-07-17 15:40:01,gpu45,0,22,28.0,1415.9838900470857,0.0,53.6112,140182.46948242188
2026-07-17 15:40:01,gpu45,0,23,30.0,1418.7029295560676,0.0,53.6112,140182.46948242188
2026-07-17 15:40:01,gpu45,1,0,32.0,1452.82336002915,0.0,64.5813,261050.239074707
2026-07-17 15:40:01,gpu45,1,1,32.0,1456.96029719504,0.0,64.5813,261050.239074707
2026-07-17 15:40:01,gpu45,1,2,31.0,1452.7542137158557,0.0,64.5813,261050.239074707
2026-07-17 15:40:01,gpu45,1,3,28.0,1454.126247499147,0.0,64.5813,261050.239074707
2026-07-17 15:40:01,gpu45,1,4,30.0,1458.2137977285217,0.0,64.5813,261050.239074707
2026-07-17 15:40:01,gpu45,1,5,30.0,1455.9922210411219,0.0,64.5813,261050.239074707
2026-07-17 15:40:01,gpu45,1,6,30.0,1452.5975609340094,0.0,64.5813,261050.239074707
2026-07-17 15:40:01,gpu45,1,7,29.0,1455.5842891238044,0.0,64.5813,261050.239074707
2026-07-17 15:40:01,gpu45,1,8,29.0,1451.549586493,0.0,64.5813,261050.239074707
2026-07-17 15:40:01,gpu45,1,9,28.0,1453.5364919194535,0.0,64.5813,261050.239074707
2026-07-17 15:40:01,gpu45,1,10,29.0,1452.2595135410859,0.0,64.5813,261050.239074707
2026-07-17 15:40:01,gpu45,1,11,30.0,1452.6598870246019,0.0,64.5813,261050.239074707
2026-07-17 15:40:01,gpu45,1,12,30.0,1450.580046218179,0.0,64.5813,261050.239074707
2026-07-17 15:40:01,gpu45,1,13,28.0,1453.8869306689983,0.0,64.5813,261050.239074707
2026-07-17 15:40:01,gpu45,1,14,31.0,1452.7483995834157,0.0,64.5813,261050.239074707
2026-07-17 15:40:01,gpu45,1,15,32.0,1453.4790179777933,0.0,64.5813,261050.239074707
2026-07-17 15:40:01,gpu45,1,16,30.0,1453.4089523278315,0.0,64.5813,261050.239074707
2026-07-17 15:40:01,gpu45,1,17,28.0,1453.3642393739387,0.0,64.5813,261050.239074707
2026-07-17 15:40:01,gpu45,1,18,31.0,1454.929264152575,0.0,64.5813,261050.239074707
2026-07-17 15:40:01,gpu45,1,19,27.0,1454.0332758245008,0.0,64.5813,261050.239074707
2026-07-17 15:40:01,gpu45,1,20,28.0,1453.2220709522646,0.0,64.5813,261050.239074707
2026-07-17 15:40:01,gpu45,1,21,29.0,1454.4564738881177,0.0,64.5813,261050.239074707
2026-07-17 15:40:01,gpu45,1,22,30.0,1451.3163800622197,0.0,64.5813,261050.239074707
2026-07-17 15:40:01,gpu45,1,23,31.0,1453.2723943827195,0.0,64.5813,261050.239074707
2026-07-17 15:45:01,gpu45,0,0,29.0,1431.3187745471976,0.04,53.6707,156239.326965332
2026-07-17 15:45:01,gpu45,0,1,27.0,1431.9023456095563,0.0,53.6707,156239.326965332
2026-07-17 15:45:01,gpu45,0,2,28.0,1428.2614702965764,0.0,53.6707,156239.326965332
2026-07-17 15:45:01,gpu45,0,3,25.0,1423.518633705931,0.0,53.6707,156239.326965332
2026-07-17 15:45:01,gpu45,0,4,25.0,1418.9685524930267,0.0,53.6707,156239.326965332
2026-07-17 15:45:01,gpu45,0,5,26.0,1417.3893905115042,0.0,53.6707,156239.326965332
2026-07-17 15:45:01,gpu45,0,6,27.0,1417.5293820772818,0.0,53.6707,156239.326965332
2026-07-17 15:45:01,gpu45,0,7,25.0,1421.6941403197877,0.0,53.6707,156239.326965332
2026-07-17 15:45:01,gpu45,0,8,26.0,1415.391587697371,0.0,53.6707,156239.326965332
2026-07-17 15:45:01,gpu45,0,9,26.0,1419.8700486171208,0.0,53.6707,156239.326965332
2026-07-17 15:45:01,gpu45,0,10,28.0,1415.3468129497048,0.0,53.6707,156239.326965332
2026-07-17 15:45:01,gpu45,0,11,28.0,1417.1570966485401,0.0,53.6707,156239.326965332
2026-07-17 15:45:01,gpu45,0,12,26.0,1418.3695453939272,0.0,53.6707,156239.326965332
2026-07-17 15:45:01,gpu45,0,13,25.0,1412.5661258946313,0.0,53.6707,156239.326965332
2026-07-17 15:45:01,gpu45,0,14,25.0,1417.3327820109025,0.99,53.6707,156239.326965332
2026-07-17 15:45:01,gpu45,0,15,27.0,1417.4013521547697,0.0,53.6707,156239.326965332
2026-07-17 15:45:01,gpu45,0,16,26.0,1417.661331537377,0.0,53.6707,156239.326965332
2026-07-17 15:45:01,gpu45,0,17,27.0,1416.9207533050376,0.99,53.6707,156239.326965332
2026-07-17 15:45:01,gpu45,0,18,27.0,1418.3314626730933,0.0,53.6707,156239.326965332
2026-07-17 15:45:01,gpu45,0,19,24.0,1416.9256551062829,0.0,53.6707,156239.326965332
2026-07-17 15:45:01,gpu45,0,20,25.0,1422.4979323662271,0.0,53.6707,156239.326965332
2026-07-17 15:45:01,gpu45,0,21,24.0,1419.472351217163,0.0,53.6707,156239.326965332
2026-07-17 15:45:01,gpu45,0,22,27.0,1415.9816471423223,0.0,53.6707,156239.326965332
2026-07-17 15:45:01,gpu45,0,23,29.0,1418.7007051065918,0.0,53.6707,156239.326965332
2026-07-17 15:45:01,gpu45,1,0,31.0,1452.821249011056,0.0,64.6977,14422.915161132812
2026-07-17 15:45:01,gpu45,1,1,30.0,1456.9582085912687,0.0,64.6977,14422.915161132812
2026-07-17 15:45:01,gpu45,1,2,31.0,1452.752086666726,0.0,64.6977,14422.915161132812
2026-07-17 15:45:01,gpu45,1,3,27.0,1454.124118343431,0.0,64.6977,14422.915161132812
2026-07-17 15:45:01,gpu45,1,4,29.0,1458.2117570640785,0.0,64.6977,14422.915161132812
2026-07-17 15:45:01,gpu45,1,5,29.0,1455.9914374415798,0.0,64.6977,14422.915161132812
2026-07-17 15:45:01,gpu45,1,6,30.0,1452.5965984001618,0.0,64.6977,14422.915161132812
2026-07-17 15:45:01,gpu45,1,7,28.0,1455.5822694811272,0.0,64.6977,14422.915161132812
2026-07-17 15:45:01,gpu45,1,8,27.0,1451.5477847010625,0.0,64.6977,14422.915161132812
2026-07-17 15:45:01,gpu45,1,9,27.0,1453.5344785635107,0.0,64.6977,14422.915161132812
2026-07-17 15:45:01,gpu45,1,10,28.0,1452.2575143210456,0.0,64.6977,14422.915161132812
2026-07-17 15:45:01,gpu45,1,11,30.0,1452.6578355546826,0.0,64.6977,14422.915161132812
2026-07-17 15:45:01,gpu45,1,12,29.0,1450.577989035897,0.0,64.6977,14422.915161132812
2026-07-17 15:45:01,gpu45,1,13,26.0,1453.884903926308,0.0,64.6977,14422.915161132812
2026-07-17 15:45:01,gpu45,1,14,29.0,1452.7463801327042,0.0,64.6977,14422.915161132812
2026-07-17 15:45:01,gpu45,1,15,30.0,1453.4769926412919,0.0,64.6977,14422.915161132812
2026-07-17 15:45:01,gpu45,1,16,29.0,1453.4068821908122,0.0,64.6977,14422.915161132812
2026-07-17 15:45:01,gpu45,1,17,27.0,1453.3621576280605,0.0,64.6977,14422.915161132812
2026-07-17 15:45:01,gpu45,1,18,30.0,1454.927211115026,0.0,64.6977,14422.915161132812
2026-07-17 15:45:01,gpu45,1,19,26.0,1454.0312324699814,0.0,64.6977,14422.915161132812
2026-07-17 15:45:01,gpu45,1,20,27.0,1453.220028462791,0.0,64.6977,14422.915161132812
2026-07-17 15:45:01,gpu45,1,21,28.0,1454.4543647465177,0.0,64.6977,14422.915161132812
2026-07-17 15:45:01,gpu45,1,22,29.0,1451.3143391109481,0.0,64.6977,14422.915161132812
2026-07-17 15:45:01,gpu45,1,23,30.0,1453.270336493031,0.0,64.6977,14422.915161132812
2026-07-17 15:50:01,gpu45,0,0,30.0,1431.3164854090287,0.02,54.0394,172304.12274169922
2026-07-17 15:50:01,gpu45,0,1,29.0,1431.900131456479,0.0,54.0394,172304.12274169922
2026-07-17 15:50:01,gpu45,0,2,29.0,1428.2593117590677,0.0,54.0394,172304.12274169922
2026-07-17 15:50:01,gpu45,0,3,26.0,1423.5164242355618,0.0,54.0394,172304.12274169922
2026-07-17 15:50:01,gpu45,0,4,26.0,1418.9663735954673,0.0,54.0394,172304.12274169922
2026-07-17 15:50:01,gpu45,0,5,27.0,1417.3872011013382,0.0,54.0394,172304.12274169922
2026-07-17 15:50:01,gpu45,0,6,28.0,1417.5271632742583,0.0,54.0394,172304.12274169922
2026-07-17 15:50:01,gpu45,0,7,26.0,1421.6915359369161,0.0,54.0394,172304.12274169922
2026-07-17 15:50:01,gpu45,0,8,26.0,1415.3893901192282,0.99,54.0394,172304.12274169922
2026-07-17 15:50:01,gpu45,0,9,26.0,1419.8678628312962,0.0,54.0394,172304.12274169922
2026-07-17 15:50:01,gpu45,0,10,29.0,1415.3446072579427,0.0,54.0394,172304.12274169922
2026-07-17 15:50:01,gpu45,0,11,28.0,1417.1548854327682,0.0,54.0394,172304.12274169922
2026-07-17 15:50:01,gpu45,0,12,26.0,1418.367331617254,0.0,54.0394,172304.12274169922
2026-07-17 15:50:01,gpu45,0,13,26.0,1412.5638286034084,0.0,54.0394,172304.12274169922
2026-07-17 15:50:01,gpu45,0,14,26.0,1417.3305577533977,0.0,54.0394,172304.12274169922
2026-07-17 15:50:01,gpu45,0,15,28.0,1417.3991409422947,0.0,54.0394,172304.12274169922
2026-07-17 15:50:01,gpu45,0,16,27.0,1417.6587037488703,0.0,54.0394,172304.12274169922
2026-07-17 15:50:01,gpu45,0,17,27.0,1416.9185381361965,0.0,54.0394,172304.12274169922
2026-07-17 15:50:01,gpu45,0,18,29.0,1418.3292590132094,0.0,54.0394,172304.12274169922
2026-07-17 15:50:01,gpu45,0,19,25.0,1416.9234411599027,0.0,54.0394,172304.12274169922
2026-07-17 15:50:01,gpu45,0,20,26.0,1422.4957422984528,0.0,54.0394,172304.12274169922
2026-07-17 15:50:01,gpu45,0,21,26.0,1419.4701723208464,0.0,54.0394,172304.12274169922
2026-07-17 15:50:01,gpu45,0,22,28.0,1415.9794088384133,0.0,54.0394,172304.12274169922
2026-07-17 15:50:01,gpu45,0,23,30.0,1418.6984850129575,0.0,54.0394,172304.12274169922
2026-07-17 15:50:01,gpu45,1,0,31.0,1452.819078434175,0.0,64.8843,29891.830200195312
2026-07-17 15:50:01,gpu45,1,1,31.0,1456.9560900108904,0.0,64.8843,29891.830200195312
2026-07-17 15:50:01,gpu45,1,2,31.0,1452.7499561495765,0.0,64.8843,29891.830200195312
2026-07-17 15:50:01,gpu45,1,3,28.0,1454.1219774279302,0.0,64.8843,29891.830200195312
2026-07-17 15:50:01,gpu45,1,4,30.0,1458.2097047318045,0.0,64.8843,29891.830200195312
2026-07-17 15:50:01,gpu45,1,5,30.0,1455.990504169768,0.0,64.8843,29891.830200195312
2026-07-17 15:50:01,gpu45,1,6,35.0,1452.5958490914156,0.0,64.8843,29891.830200195312
2026-07-17 15:50:01,gpu45,1,7,28.0,1455.5802253176053,0.0,64.8843,29891.830200195312
2026-07-17 15:50:01,gpu45,1,8,28.0,1451.5457293283898,0.0,64.8843,29891.830200195312
2026-07-17 15:50:01,gpu45,1,9,28.0,1453.5324434658996,0.0,64.8843,29891.830200195312
2026-07-17 15:50:01,gpu45,1,10,29.0,1452.2554827832225,0.0,64.8843,29891.830200195312
2026-07-17 15:50:01,gpu45,1,11,30.0,1452.6557737568924,0.0,64.8843,29891.830200195312
2026-07-17 15:50:01,gpu45,1,12,30.0,1450.5759190198598,0.0,64.8843,29891.830200195312
2026-07-17 15:50:01,gpu45,1,13,27.0,1453.882862002817,0.0,64.8843,29891.830200195312
2026-07-17 15:50:01,gpu45,1,14,30.0,1452.7443477345564,0.0,64.8843,29891.830200195312
2026-07-17 15:50:01,gpu45,1,15,31.0,1453.4749541965914,0.0,64.8843,29891.830200195312
2026-07-17 15:50:01,gpu45,1,16,30.0,1453.404808177218,0.0,64.8843,29891.830200195312
2026-07-17 15:50:01,gpu45,1,17,27.0,1453.3600580934758,0.0,64.8843,29891.830200195312
2026-07-17 15:50:01,gpu45,1,18,31.0,1454.9251480540981,0.0,64.8843,29891.830200195312
2026-07-17 15:50:01,gpu45,1,19,27.0,1454.0291816668155,0.0,64.8843,29891.830200195312
2026-07-17 15:50:01,gpu45,1,20,28.0,1453.2179726116724,0.0,64.8843,29891.830200195312
2026-07-17 15:50:01,gpu45,1,21,29.0,1454.452240089777,0.0,64.8843,29891.830200195312
2026-07-17 15:50:01,gpu45,1,22,30.0,1451.3122817890696,0.0,64.8843,29891.830200195312
2026-07-17 15:50:01,gpu45,1,23,30.0,1453.2682726149376,0.0,64.8843,29891.830200195312
2026-07-17 15:55:01,gpu45,0,0,30.0,1431.3141712731097,0.02,53.8215,188326.4022216797
2026-07-17 15:55:01,gpu45,0,1,28.0,1431.8979872353457,0.0,53.8215,188326.4022216797
2026-07-17 15:55:01,gpu45,0,2,29.0,1428.2571619804203,0.0,53.8215,188326.4022216797
2026-07-17 15:55:01,gpu45,0,3,26.0,1423.5142123247053,0.0,53.8215,188326.4022216797
2026-07-17 15:55:01,gpu45,0,4,26.0,1418.964199783326,0.0,53.8215,188326.4022216797
2026-07-17 15:55:01,gpu45,0,5,28.0,1417.3850149194745,0.0,53.8215,188326.4022216797
2026-07-17 15:55:01,gpu45,0,6,28.0,1417.5249554596091,0.0,53.8215,188326.4022216797
2026-07-17 15:55:01,gpu45,0,7,26.0,1421.688948898753,0.0,53.8215,188326.4022216797
2026-07-17 15:55:01,gpu45,0,8,27.0,1415.3871969531863,0.0,53.8215,188326.4022216797
2026-07-17 15:55:01,gpu45,0,9,27.0,1419.8656814290784,0.0,53.8215,188326.4022216797
2026-07-17 15:55:01,gpu45,0,10,29.0,1415.342406965592,0.0,53.8215,188326.4022216797
2026-07-17 15:55:01,gpu45,0,11,28.0,1417.1526776267106,0.0,53.8215,188326.4022216797
2026-07-17 15:55:01,gpu45,0,12,27.0,1418.3651225895255,0.0,53.8215,188326.4022216797
2026-07-17 15:55:01,gpu45,0,13,27.0,1412.561549148956,0.0,53.8215,188326.4022216797
2026-07-17 15:55:01,gpu45,0,14,26.0,1417.3282544416802,0.0,53.8215,188326.4022216797
2026-07-17 15:55:01,gpu45,0,15,28.0,1417.3969392215972,0.0,53.8215,188326.4022216797
2026-07-17 15:55:01,gpu45,0,16,27.0,1417.6560842777105,0.0,53.8215,188326.4022216797
2026-07-17 15:55:01,gpu45,0,17,27.0,1416.916329415767,0.0,53.8215,188326.4022216797
2026-07-17 15:55:01,gpu45,0,18,28.0,1418.3270592378537,0.0,53.8215,188326.4022216797
2026-07-17 15:55:01,gpu45,0,19,25.0,1416.9212322762323,0.0,53.8215,188326.4022216797
2026-07-17 15:55:01,gpu45,0,20,26.0,1422.4935491058195,0.0,53.8215,188326.4022216797
2026-07-17 15:55:01,gpu45,0,21,26.0,1419.4679970191694,0.0,53.8215,188326.4022216797
2026-07-17 15:55:01,gpu45,0,22,28.0,1415.977172909322,0.0,53.8215,188326.4022216797
2026-07-17 15:55:01,gpu45,0,23,30.0,1418.6962715799777,0.0,53.8215,188326.4022216797
2026-07-17 15:55:01,gpu45,1,0,31.0,1452.816916743483,0.0,64.6333,45365.53240966797
2026-07-17 15:55:01,gpu45,1,1,31.0,1456.9539953719934,0.0,64.6333,45365.53240966797
2026-07-17 15:55:01,gpu45,1,2,31.0,1452.7478275484752,0.0,64.6333,45365.53240966797
2026-07-17 15:55:01,gpu45,1,3,28.0,1454.1198070594767,0.0,64.6333,45365.53240966797
2026-07-17 15:55:01,gpu45,1,4,30.0,1458.2078733608862,0.99,64.6333,45365.53240966797
2026-07-17 15:55:01,gpu45,1,5,30.0,1455.9893643739815,0.0,64.6333,45365.53240966797
2026-07-17 15:55:01,gpu45,1,6,30.0,1452.5948920941464,0.0,64.6333,45365.53240966797
2026-07-17 15:55:01,gpu45,1,7,30.0,1455.5783978649622,0.0,64.6333,45365.53240966797
2026-07-17 15:55:01,gpu45,1,8,29.0,1451.5436980974393,0.0,64.6333,45365.53240966797
2026-07-17 15:55:01,gpu45,1,9,28.0,1453.530388153576,0.0,64.6333,45365.53240966797
2026-07-17 15:55:01,gpu45,1,10,29.0,1452.2534455932148,0.0,64.6333,45365.53240966797
2026-07-17 15:55:01,gpu45,1,11,30.0,1452.6537158176354,0.0,64.6333,45365.53240966797
2026-07-17 15:55:01,gpu45,1,12,30.0,1450.5738506643436,0.0,64.6333,45365.53240966797
2026-07-17 15:55:01,gpu45,1,13,28.0,1453.8808261962597,0.0,64.6333,45365.53240966797
2026-07-17 15:55:01,gpu45,1,14,31.0,1452.742318187962,0.0,64.6333,45365.53240966797
2026-07-17 15:55:01,gpu45,1,15,31.0,1453.4729199115334,0.0,64.6333,45365.53240966797
2026-07-17 15:55:01,gpu45,1,16,30.0,1453.4027420454124,0.0,64.6333,45365.53240966797
2026-07-17 15:55:01,gpu45,1,17,28.0,1453.3579623168757,0.0,64.6333,45365.53240966797
2026-07-17 15:55:01,gpu45,1,18,30.0,1454.9230878282067,0.0,64.6333,45365.53240966797
2026-07-17 15:55:01,gpu45,1,19,27.0,1454.0271382687774,0.0,64.6333,45365.53240966797
2026-07-17 15:55:01,gpu45,1,20,28.0,1453.2159195314255,0.0,64.6333,45365.53240966797
2026-07-17 15:55:01,gpu45,1,21,30.0,1454.4501993618146,0.0,64.6333,45365.53240966797
2026-07-17 15:55:01,gpu45,1,22,30.0,1451.3102315103167,0.0,64.6333,45365.53240966797
2026-07-17 15:55:01,gpu45,1,23,30.0,1453.2661817040582,0.0,64.6333,45365.53240966797
2026-07-17 16:00:01,gpu45,0,0,29.0,1431.3118699509275,0.06,53.5288,204368.29034423828
2026-07-17 16:00:01,gpu45,0,1,28.0,1431.8958469356885,0.0,53.5288,204368.29034423828
2026-07-17 16:00:01,gpu45,0,2,29.0,1428.2550185270459,0.0,53.5288,204368.29034423828
2026-07-17 16:00:01,gpu45,0,3,26.0,1423.512004593325,0.0,53.5288,204368.29034423828
2026-07-17 16:00:01,gpu45,0,4,26.0,1418.9620283517972,0.0,53.5288,204368.29034423828
2026-07-17 16:00:01,gpu45,0,5,27.0,1417.3828354667369,0.0,53.5288,204368.29034423828
2026-07-17 16:00:01,gpu45,0,6,28.0,1417.5227500712747,0.0,53.5288,204368.29034423828
2026-07-17 16:00:01,gpu45,0,7,26.0,1421.6863705524624,0.0,53.5288,204368.29034423828
2026-07-17 16:00:01,gpu45,0,8,27.0,1415.385008683078,0.99,53.5288,204368.29034423828
2026-07-17 16:00:01,gpu45,0,9,27.0,1419.8635043845427,0.0,53.5288,204368.29034423828
2026-07-17 16:00:01,gpu45,0,10,29.0,1415.3402096962102,0.0,53.5288,204368.29034423828
2026-07-17 16:00:01,gpu45,0,11,28.0,1417.15047572747,0.0,53.5288,204368.29034423828
2026-07-17 16:00:01,gpu45,0,12,27.0,1418.3629181843282,0.0,53.5288,204368.29034423828
2026-07-17 16:00:01,gpu45,0,13,27.0,1412.5592607038875,0.0,53.5288,204368.29034423828
2026-07-17 16:00:01,gpu45,0,14,26.0,1417.325948735489,0.0,53.5288,204368.29034423828
2026-07-17 16:00:01,gpu45,0,15,28.0,1417.3947453735182,0.0,53.5288,204368.29034423828
2026-07-17 16:00:01,gpu45,0,16,27.0,1417.6534648806983,0.0,53.5288,204368.29034423828
2026-07-17 16:00:01,gpu45,0,17,28.0,1416.9141236746684,0.0,53.5288,204368.29034423828
2026-07-17 16:00:01,gpu45,0,18,28.0,1418.3248639745975,0.0,53.5288,204368.29034423828
2026-07-17 16:00:01,gpu45,0,19,25.0,1416.9190288302104,0.0,53.5288,204368.29034423828
2026-07-17 16:00:01,gpu45,0,20,26.0,1422.4913593054375,0.0,53.5288,204368.29034423828
2026-07-17 16:00:01,gpu45,0,21,25.0,1419.4658274090204,0.0,53.5288,204368.29034423828
2026-07-17 16:00:01,gpu45,0,22,27.0,1415.974945142161,0.0,53.5288,204368.29034423828
2026-07-17 16:00:01,gpu45,0,23,30.0,1418.6940601118715,0.0,53.5288,204368.29034423828
2026-07-17 16:00:01,gpu45,1,0,32.0,1452.8147688705874,0.0,64.6676,60846.01593017578
2026-07-17 16:00:01,gpu45,1,1,31.0,1456.9518378165935,0.0,64.6676,60846.01593017578
2026-07-17 16:00:01,gpu45,1,2,31.0,1452.7456837106577,0.0,64.6676,60846.01593017578
2026-07-17 16:00:01,gpu45,1,3,28.0,1454.1176873980507,0.0,64.6676,60846.01593017578
2026-07-17 16:00:01,gpu45,1,4,30.0,1458.2058736645895,0.99,64.6676,60846.01593017578
2026-07-17 16:00:01,gpu45,1,5,32.0,1455.9877679924953,0.0,64.6676,60846.01593017578
2026-07-17 16:00:01,gpu45,1,6,31.0,1452.5937912275426,0.0,64.6676,60846.01593017578
2026-07-17 16:00:01,gpu45,1,7,29.0,1455.5773853815176,0.0,64.6676,60846.01593017578
2026-07-17 16:00:01,gpu45,1,8,28.0,1451.5416721028055,0.0,64.6676,60846.01593017578
2026-07-17 16:00:01,gpu45,1,9,28.0,1453.5283376928471,0.0,64.6676,60846.01593017578
2026-07-17 16:00:01,gpu45,1,10,29.0,1452.2514120967596,0.0,64.6676,60846.01593017578
2026-07-17 16:00:01,gpu45,1,11,30.0,1452.6516698127527,0.0,64.6676,60846.01593017578
2026-07-17 16:00:01,gpu45,1,12,30.0,1450.5717815261878,0.0,64.6676,60846.01593017578
2026-07-17 16:00:01,gpu45,1,13,28.0,1453.8787804284232,0.0,64.6676,60846.01593017578
2026-07-17 16:00:01,gpu45,1,14,30.0,1452.7402947978471,0.99,64.6676,60846.01593017578
2026-07-17 16:00:01,gpu45,1,15,31.0,1453.4708905877453,0.0,64.6676,60846.01593017578
2026-07-17 16:00:01,gpu45,1,16,30.0,1453.4006841655964,0.0,64.6676,60846.01593017578
2026-07-17 16:00:01,gpu45,1,17,27.0,1453.3558701022566,0.0,64.6676,60846.01593017578
2026-07-17 16:00:01,gpu45,1,18,30.0,1454.9210345936715,0.0,64.6676,60846.01593017578
2026-07-17 16:00:01,gpu45,1,19,27.0,1454.0251037717342,0.0,64.6676,60846.01593017578
2026-07-17 16:00:01,gpu45,1,20,28.0,1453.2138736150207,0.0,64.6676,60846.01593017578
2026-07-17 16:00:01,gpu45,1,21,29.0,1454.4481678124264,0.0,64.6676,60846.01593017578
2026-07-17 16:00:01,gpu45,1,22,30.0,1451.3081860017915,0.0,64.6676,60846.01593017578
2026-07-17 16:00:01,gpu45,1,23,31.0,1453.2641002425564,0.0,64.6676,60846.01593017578
2026-07-17 16:05:01,gpu45,0,0,29.0,1431.3095362483057,0.02,53.7695,220416.45294189453
2026-07-17 16:05:01,gpu45,0,1,27.0,1431.8937060668682,0.0,53.7695,220416.45294189453
2026-07-17 16:05:01,gpu45,0,2,28.0,1428.252857930541,0.0,53.7695,220416.45294189453
2026-07-17 16:05:01,gpu45,0,3,25.0,1423.509795032351,0.0,53.7695,220416.45294189453
2026-07-17 16:05:01,gpu45,0,4,25.0,1418.9598386065918,0.0,53.7695,220416.45294189453
2026-07-17 16:05:01,gpu45,0,5,26.0,1417.380641206393,0.99,53.7695,220416.45294189453
2026-07-17 16:05:01,gpu45,0,6,27.0,1417.5203952912857,0.0,53.7695,220416.45294189453
2026-07-17 16:05:01,gpu45,0,7,25.0,1421.6837957397945,0.0,53.7695,220416.45294189453
2026-07-17 16:05:01,gpu45,0,8,26.0,1415.3828086835333,0.0,53.7695,220416.45294189453
2026-07-17 16:05:01,gpu45,0,9,25.0,1419.8613154615846,0.0,53.7695,220416.45294189453
2026-07-17 16:05:01,gpu45,0,10,28.0,1415.3379993858543,0.0,53.7695,220416.45294189453
2026-07-17 16:05:01,gpu45,0,11,27.0,1417.1482589160587,0.0,53.7695,220416.45294189453
2026-07-17 16:05:01,gpu45,0,12,26.0,1418.36069840519,0.0,53.7695,220416.45294189453
2026-07-17 16:05:01,gpu45,0,13,25.0,1412.5569751580376,0.0,53.7695,220416.45294189453
2026-07-17 16:05:01,gpu45,0,14,25.0,1417.3237629737125,0.0,53.7695,220416.45294189453
2026-07-17 16:05:01,gpu45,0,15,27.0,1417.3925269968192,0.0,53.7695,220416.45294189453
2026-07-17 16:05:01,gpu45,0,16,26.0,1417.6508312193685,0.0,53.7695,220416.45294189453
2026-07-17 16:05:01,gpu45,0,17,27.0,1416.9119049623303,0.0,53.7695,220416.45294189453
2026-07-17 16:05:01,gpu45,0,18,27.0,1418.322660171143,0.0,53.7695,220416.45294189453
2026-07-17 16:05:01,gpu45,0,19,24.0,1416.9168041210821,0.0,53.7695,220416.45294189453
2026-07-17 16:05:01,gpu45,0,20,24.0,1422.4891632853232,0.0,53.7695,220416.45294189453
2026-07-17 16:05:01,gpu45,0,21,25.0,1419.4636440094096,0.0,53.7695,220416.45294189453
2026-07-17 16:05:01,gpu45,0,22,26.0,1415.9727051718305,0.0,53.7695,220416.45294189453
2026-07-17 16:05:01,gpu45,0,23,29.0,1418.6918398424573,0.0,53.7695,220416.45294189453
2026-07-17 16:05:01,gpu45,1,0,30.0,1452.8125907390408,0.0,64.8346,76332.1768798828
2026-07-17 16:05:01,gpu45,1,1,30.0,1456.9497347803433,0.0,64.8346,76332.1768798828
2026-07-17 16:05:01,gpu45,1,2,31.0,1452.7435131382974,0.0,64.8346,76332.1768798828
2026-07-17 16:05:01,gpu45,1,3,27.0,1454.115557711745,0.0,64.8346,76332.1768798828
2026-07-17 16:05:01,gpu45,1,4,29.0,1458.2038561316594,0.0,64.8346,76332.1768798828
2026-07-17 16:05:01,gpu45,1,5,30.0,1455.986770073839,0.0,64.8346,76332.1768798828
2026-07-17 16:05:01,gpu45,1,6,35.0,1452.5925894117631,0.0,64.8346,76332.1768798828
2026-07-17 16:05:01,gpu45,1,7,28.0,1455.5755491018388,0.0,64.8346,76332.1768798828
2026-07-17 16:05:01,gpu45,1,8,27.0,1451.5398520769813,0.0,64.8346,76332.1768798828
2026-07-17 16:05:01,gpu45,1,9,27.0,1453.5263005877664,0.0,64.8346,76332.1768798828
2026-07-17 16:05:01,gpu45,1,10,28.0,1452.2493933255946,0.0,64.8346,76332.1768798828
2026-07-17 16:05:01,gpu45,1,11,29.0,1452.6496035438015,0.0,64.8346,76332.1768798828
2026-07-17 16:05:01,gpu45,1,12,29.0,1450.5697052696273,0.0,64.8346,76332.1768798828
2026-07-17 16:05:01,gpu45,1,13,27.0,1453.8767103905075,0.0,64.8346,76332.1768798828
2026-07-17 16:05:01,gpu45,1,14,29.0,1452.7382560475567,0.0,64.8346,76332.1768798828
2026-07-17 16:05:01,gpu45,1,15,30.0,1453.4688465214438,0.0,64.8346,76332.1768798828
2026-07-17 16:05:01,gpu45,1,16,30.0,1453.3986014049328,0.0,64.8346,76332.1768798828
2026-07-17 16:05:01,gpu45,1,17,26.0,1453.3537680135778,0.0,64.8346,76332.1768798828
2026-07-17 16:05:01,gpu45,1,18,30.0,1454.918968367906,0.0,64.8346,76332.1768798828
2026-07-17 16:05:01,gpu45,1,19,26.0,1454.023065892741,0.0,64.8346,76332.1768798828
2026-07-17 16:05:01,gpu45,1,20,27.0,1453.2118090617003,0.0,64.8346,76332.1768798828
2026-07-17 16:05:01,gpu45,1,21,28.0,1454.4461332114272,0.0,64.8346,76332.1768798828
2026-07-17 16:05:01,gpu45,1,22,29.0,1451.3061248067434,0.0,64.8346,76332.1768798828
2026-07-17 16:05:01,gpu45,1,23,30.0,1453.2620172160248,0.0,64.8346,76332.1768798828
2026-07-17 16:10:01,gpu45,0,0,29.0,1431.3072274298015,0.02,53.577,236469.14166259766
2026-07-17 16:10:01,gpu45,0,1,28.0,1431.8915457450742,0.0,53.577,236469.14166259766
2026-07-17 16:10:01,gpu45,0,2,29.0,1428.250695629176,0.0,53.577,236469.14166259766
2026-07-17 16:10:01,gpu45,0,3,25.0,1423.5075856404662,0.0,53.577,236469.14166259766
2026-07-17 16:10:01,gpu45,0,4,25.0,1418.9576561779254,0.0,53.577,236469.14166259766
2026-07-17 16:10:01,gpu45,0,5,27.0,1417.378446869088,0.0,53.577,236469.14166259766
2026-07-17 16:10:01,gpu45,0,6,28.0,1417.5180517532372,0.0,53.577,236469.14166259766
2026-07-17 16:10:01,gpu45,0,7,25.0,1421.6816302571176,0.0,53.577,236469.14166259766
2026-07-17 16:10:01,gpu45,0,8,26.0,1415.3806075191358,0.0,53.577,236469.14166259766
2026-07-17 16:10:01,gpu45,0,9,26.0,1419.8591244128977,0.0,53.577,236469.14166259766
2026-07-17 16:10:01,gpu45,0,10,28.0,1415.3357901096067,0.0,53.577,236469.14166259766
2026-07-17 16:10:01,gpu45,0,11,28.0,1417.1456430318883,0.0,53.577,236469.14166259766
2026-07-17 16:10:01,gpu45,0,12,26.0,1418.3584823676147,0.0,53.577,236469.14166259766
2026-07-17 16:10:01,gpu45,0,13,26.0,1412.5546737295397,0.0,53.577,236469.14166259766
2026-07-17 16:10:01,gpu45,0,14,26.0,1417.3215799609338,0.0,53.577,236469.14166259766
2026-07-17 16:10:01,gpu45,0,15,27.0,1417.390313581876,0.0,53.577,236469.14166259766
2026-07-17 16:10:01,gpu45,0,16,26.0,1417.6481870736034,0.0,53.577,236469.14166259766
2026-07-17 16:10:01,gpu45,0,17,27.0,1416.9096885835309,0.0,53.577,236469.14166259766
2026-07-17 16:10:01,gpu45,0,18,28.0,1418.3204520081024,0.0,53.577,236469.14166259766
2026-07-17 16:10:01,gpu45,0,19,25.0,1416.9145828628702,0.0,53.577,236469.14166259766
2026-07-17 16:10:01,gpu45,0,20,26.0,1422.4869611692295,0.0,53.577,236469.14166259766
2026-07-17 16:10:01,gpu45,0,21,25.0,1419.4614621169385,0.0,53.577,236469.14166259766
2026-07-17 16:10:01,gpu45,0,22,28.0,1415.9704657250363,0.0,53.577,236469.14166259766
2026-07-17 16:10:01,gpu45,0,23,29.0,1418.6896190765337,0.0,53.577,236469.14166259766
2026-07-17 16:10:01,gpu45,1,0,31.0,1452.8104128271093,0.0,64.6987,91822.55682373047
2026-07-17 16:10:01,gpu45,1,1,30.0,1456.947603591554,0.0,64.6987,91822.55682373047
2026-07-17 16:10:01,gpu45,1,2,32.0,1452.74132814343,0.0,64.6987,91822.55682373047
2026-07-17 16:10:01,gpu45,1,3,28.0,1454.113415335267,0.0,64.6987,91822.55682373047
2026-07-17 16:10:01,gpu45,1,4,30.0,1458.2018303729396,0.0,64.6987,91822.55682373047
2026-07-17 16:10:01,gpu45,1,5,29.0,1455.9852236623808,0.0,64.6987,91822.55682373047
2026-07-17 16:10:01,gpu45,1,6,31.0,1452.5913955926806,0.0,64.6987,91822.55682373047
2026-07-17 16:10:01,gpu45,1,7,28.0,1455.5743874806658,0.0,64.6987,91822.55682373047
2026-07-17 16:10:01,gpu45,1,8,30.0,1451.5380357936922,0.0,64.6987,91822.55682373047
2026-07-17 16:10:01,gpu45,1,9,28.0,1453.524267948294,0.0,64.6987,91822.55682373047
2026-07-17 16:10:01,gpu45,1,10,29.0,1452.247350550949,0.0,64.6987,91822.55682373047
2026-07-17 16:10:01,gpu45,1,11,30.0,1452.647541892624,0.0,64.6987,91822.55682373047
2026-07-17 16:10:01,gpu45,1,12,30.0,1450.5676345225734,0.0,64.6987,91822.55682373047
2026-07-17 16:10:01,gpu45,1,13,28.0,1453.8746479578954,0.0,64.6987,91822.55682373047
2026-07-17 16:10:01,gpu45,1,14,30.0,1452.7362205160725,0.99,64.6987,91822.55682373047
2026-07-17 16:10:01,gpu45,1,15,31.0,1453.466808007746,0.0,64.6987,91822.55682373047
2026-07-17 16:10:01,gpu45,1,16,30.0,1453.3965244959545,0.0,64.6987,91822.55682373047
2026-07-17 16:10:01,gpu45,1,17,27.0,1453.351669702706,0.0,64.6987,91822.55682373047
2026-07-17 16:10:01,gpu45,1,18,31.0,1454.9169040376246,0.0,64.6987,91822.55682373047
2026-07-17 16:10:01,gpu45,1,19,27.0,1454.0210310691386,0.0,64.6987,91822.55682373047
2026-07-17 16:10:01,gpu45,1,20,28.0,1453.2097536073418,0.0,64.6987,91822.55682373047
2026-07-17 16:10:01,gpu45,1,21,29.0,1454.4441020099432,0.0,64.6987,91822.55682373047
2026-07-17 16:10:01,gpu45,1,22,30.0,1451.3040684410696,0.0,64.6987,91822.55682373047
2026-07-17 16:10:01,gpu45,1,23,30.0,1453.2599228510592,0.0,64.6987,91822.55682373047
2026-07-17 16:15:01,gpu45,0,0,29.0,1431.304972933498,0.0,53.3573,252493.49481201172
2026-07-17 16:15:01,gpu45,0,1,28.0,1431.8893501679752,0.0,53.3573,252493.49481201172
2026-07-17 16:15:01,gpu45,0,2,29.0,1428.2485359660452,0.0,53.3573,252493.49481201172
2026-07-17 16:15:01,gpu45,0,3,25.0,1423.5053736425666,0.0,53.3573,252493.49481201172
2026-07-17 16:15:01,gpu45,0,4,26.0,1418.955475823504,0.0,53.3573,252493.49481201172
2026-07-17 16:15:01,gpu45,0,5,27.0,1417.376258214377,0.0,53.3573,252493.49481201172
2026-07-17 16:15:01,gpu45,0,6,28.0,1417.5157650925128,0.0,53.3573,252493.49481201172
2026-07-17 16:15:01,gpu45,0,7,25.0,1421.6794664259469,0.0,53.3573,252493.49481201172
2026-07-17 16:15:01,gpu45,0,8,26.0,1415.3784129465312,0.0,53.3573,252493.49481201172
2026-07-17 16:15:01,gpu45,0,9,26.0,1419.8569380511708,0.0,53.3573,252493.49481201172
2026-07-17 16:15:01,gpu45,0,10,28.0,1415.3335852933524,0.0,53.3573,252493.49481201172
2026-07-17 16:15:01,gpu45,0,11,28.0,1417.1430407158643,0.0,53.3573,252493.49481201172
2026-07-17 16:15:01,gpu45,0,12,26.0,1418.3562711470465,0.0,53.3573,252493.49481201172
2026-07-17 16:15:01,gpu45,0,13,26.0,1412.5523610780517,0.0,53.3573,252493.49481201172
2026-07-17 16:15:01,gpu45,0,14,26.0,1417.3193999496746,0.0,53.3573,252493.49481201172
2026-07-17 16:15:01,gpu45,0,15,27.0,1417.3881101125078,0.0,53.3573,252493.49481201172
2026-07-17 16:15:01,gpu45,0,16,26.0,1417.6455446177608,0.0,53.3573,252493.49481201172
2026-07-17 16:15:01,gpu45,0,17,27.0,1416.9074774166224,0.0,53.3573,252493.49481201172
2026-07-17 16:15:01,gpu45,0,18,28.0,1418.3182510070262,0.0,53.3573,252493.49481201172
2026-07-17 16:15:01,gpu45,0,19,25.0,1416.9123688837708,0.0,53.3573,252493.49481201172
2026-07-17 16:15:01,gpu45,0,20,25.0,1422.4847694057582,0.0,53.3573,252493.49481201172
2026-07-17 16:15:01,gpu45,0,21,25.0,1419.4592841855592,0.0,53.3573,252493.49481201172
2026-07-17 16:15:01,gpu45,0,22,27.0,1415.9682324654655,0.0,53.3573,252493.49481201172
2026-07-17 16:15:01,gpu45,0,23,29.0,1418.6874019363086,0.0,53.3573,252493.49481201172
2026-07-17 16:15:01,gpu45,1,0,31.0,1452.8082379527777,0.0,64.7765,107321.19635009766
2026-07-17 16:15:01,gpu45,1,1,30.0,1456.945472313593,0.0,64.7765,107321.19635009766
2026-07-17 16:15:01,gpu45,1,2,31.0,1452.7391455960224,0.0,64.7765,107321.19635009766
2026-07-17 16:15:01,gpu45,1,3,28.0,1454.1112743325298,0.0,64.7765,107321.19635009766
2026-07-17 16:15:01,gpu45,1,4,30.0,1458.1997977482931,0.0,64.7765,107321.19635009766
2026-07-17 16:15:01,gpu45,1,5,30.0,1455.9831798535579,0.0,64.7765,107321.19635009766
2026-07-17 16:15:01,gpu45,1,6,30.0,1452.590432032222,0.0,64.7765,107321.19635009766
2026-07-17 16:15:01,gpu45,1,7,28.0,1455.5729781266784,0.0,64.7765,107321.19635009766
2026-07-17 16:15:01,gpu45,1,8,28.0,1451.535988483736,0.0,64.7765,107321.19635009766
2026-07-17 16:15:01,gpu45,1,9,28.0,1453.5226731789835,0.0,64.7765,107321.19635009766
2026-07-17 16:15:01,gpu45,1,10,29.0,1452.2455174310949,0.0,64.7765,107321.19635009766
2026-07-17 16:15:01,gpu45,1,11,32.0,1452.6457041649292,0.0,64.7765,107321.19635009766
2026-07-17 16:15:01,gpu45,1,12,30.0,1450.5655606795042,0.0,64.7765,107321.19635009766
2026-07-17 16:15:01,gpu45,1,13,28.0,1453.8724687240704,0.0,64.7765,107321.19635009766
2026-07-17 16:15:01,gpu45,1,14,30.0,1452.7341637102459,0.0,64.7765,107321.19635009766
2026-07-17 16:15:01,gpu45,1,15,31.0,1453.4647682156378,0.0,64.7765,107321.19635009766
2026-07-17 16:15:01,gpu45,1,16,30.0,1453.3944521043804,0.0,64.7765,107321.19635009766
2026-07-17 16:15:01,gpu45,1,17,27.0,1453.349570241068,0.0,64.7765,107321.19635009766
2026-07-17 16:15:01,gpu45,1,18,30.0,1454.9148420548177,0.0,64.7765,107321.19635009766
2026-07-17 16:15:01,gpu45,1,19,26.0,1454.0189956081697,0.0,64.7765,107321.19635009766
2026-07-17 16:15:01,gpu45,1,20,28.0,1453.207698058974,0.0,64.7765,107321.19635009766
2026-07-17 16:15:01,gpu45,1,21,29.0,1454.442068917785,0.0,64.7765,107321.19635009766
2026-07-17 16:15:01,gpu45,1,22,30.0,1451.3020142019675,0.0,64.7765,107321.19635009766
2026-07-17 16:15:01,gpu45,1,23,31.0,1453.257831958987,0.0,64.7765,107321.19635009766
2026-07-17 16:20:01,gpu45,0,0,30.0,1431.302724673608,0.04,53.3899,6365.836364746094
2026-07-17 16:20:01,gpu45,0,1,28.0,1431.887204849083,0.0,53.3899,6365.836364746094
2026-07-17 16:20:01,gpu45,0,2,29.0,1428.246282674715,0.0,53.3899,6365.836364746094
2026-07-17 16:20:01,gpu45,0,3,26.0,1423.5031636164565,0.0,53.3899,6365.836364746094
2026-07-17 16:20:01,gpu45,0,4,26.0,1418.9532939098124,0.0,53.3899,6365.836364746094
2026-07-17 16:20:01,gpu45,0,5,27.0,1417.374074492051,0.0,53.3899,6365.836364746094
2026-07-17 16:20:01,gpu45,0,6,29.0,1417.513561407131,0.0,53.3899,6365.836364746094
2026-07-17 16:20:01,gpu45,0,7,26.0,1421.67730826267,0.0,53.3899,6365.836364746094
2026-07-17 16:20:01,gpu45,0,8,26.0,1415.3762238579352,0.0,53.3899,6365.836364746094
2026-07-17 16:20:01,gpu45,0,9,27.0,1419.8547569302477,0.0,53.3899,6365.836364746094
2026-07-17 16:20:01,gpu45,0,10,29.0,1415.331388814976,0.0,53.3899,6365.836364746094
2026-07-17 16:20:01,gpu45,0,11,28.0,1417.140453225923,0.0,53.3899,6365.836364746094
2026-07-17 16:20:01,gpu45,0,12,27.0,1418.3540657746976,0.99,53.3899,6365.836364746094
2026-07-17 16:20:01,gpu45,0,13,26.0,1412.5500480393678,0.0,53.3899,6365.836364746094
2026-07-17 16:20:01,gpu45,0,14,27.0,1417.3172252455197,0.0,53.3899,6365.836364746094
2026-07-17 16:20:01,gpu45,0,15,28.0,1417.3859147141475,0.0,53.3899,6365.836364746094
2026-07-17 16:20:01,gpu45,0,16,27.0,1417.642912958426,0.0,53.3899,6365.836364746094
2026-07-17 16:20:01,gpu45,0,17,27.0,1416.9052713127066,1.0,53.3899,6365.836364746094
2026-07-17 16:20:01,gpu45,0,18,28.0,1418.3160533231583,0.0,53.3899,6365.836364746094
2026-07-17 16:20:01,gpu45,0,19,25.0,1416.9101605352653,0.0,53.3899,6365.836364746094
2026-07-17 16:20:01,gpu45,0,20,25.0,1422.4825772665552,0.0,53.3899,6365.836364746094
2026-07-17 16:20:01,gpu45,0,21,25.0,1419.4571158452563,0.0,53.3899,6365.836364746094
2026-07-17 16:20:01,gpu45,0,22,28.0,1415.9660042037751,0.0,53.3899,6365.836364746094
2026-07-17 16:20:01,gpu45,0,23,30.0,1418.6851929978254,0.0,53.3899,6365.836364746094
2026-07-17 16:20:01,gpu45,1,0,31.0,1452.8060641133254,0.0,64.7965,122809.3828125
2026-07-17 16:20:01,gpu45,1,1,31.0,1456.9433827464277,0.0,64.7965,122809.3828125
2026-07-17 16:20:01,gpu45,1,2,31.0,1452.7369762163548,0.0,64.7965,122809.3828125
2026-07-17 16:20:01,gpu45,1,3,28.0,1454.1091441368287,0.0,64.7965,122809.3828125
2026-07-17 16:20:01,gpu45,1,4,30.0,1458.1977690350275,0.0,64.7965,122809.3828125
2026-07-17 16:20:01,gpu45,1,5,33.0,1455.9815692380555,0.0,64.7965,122809.3828125
2026-07-17 16:20:01,gpu45,1,6,31.0,1452.5888014754225,0.0,64.7965,122809.3828125
2026-07-17 16:20:01,gpu45,1,7,28.0,1455.570942137742,0.0,64.7965,122809.3828125
2026-07-17 16:20:01,gpu45,1,8,28.0,1451.533946469846,0.0,64.7965,122809.3828125
2026-07-17 16:20:01,gpu45,1,9,28.0,1453.5215019733148,0.0,64.7965,122809.3828125
2026-07-17 16:20:01,gpu45,1,10,30.0,1452.2441086387553,0.0,64.7965,122809.3828125
2026-07-17 16:20:01,gpu45,1,11,30.0,1452.6436441266683,0.0,64.7965,122809.3828125
2026-07-17 16:20:01,gpu45,1,12,30.0,1450.5637238789445,0.0,64.7965,122809.3828125
2026-07-17 16:20:01,gpu45,1,13,28.0,1453.870411717019,0.0,64.7965,122809.3828125
2026-07-17 16:20:01,gpu45,1,14,30.0,1452.7321118190653,0.0,64.7965,122809.3828125
2026-07-17 16:20:01,gpu45,1,15,31.0,1453.4627368201848,0.0,64.7965,122809.3828125
2026-07-17 16:20:01,gpu45,1,16,30.0,1453.3923847003678,0.0,64.7965,122809.3828125
2026-07-17 16:20:01,gpu45,1,17,28.0,1453.3474085060222,0.0,64.7965,122809.3828125
2026-07-17 16:20:01,gpu45,1,18,31.0,1454.9127798264835,0.0,64.7965,122809.3828125
2026-07-17 16:20:01,gpu45,1,19,27.0,1454.0169583618735,0.0,64.7965,122809.3828125
2026-07-17 16:20:01,gpu45,1,20,28.0,1453.2056485914788,0.0,64.7965,122809.3828125
2026-07-17 16:20:01,gpu45,1,21,30.0,1454.44004176377,0.0,64.7965,122809.3828125
2026-07-17 16:20:01,gpu45,1,22,30.0,1451.2999648706125,0.0,64.7965,122809.3828125
2026-07-17 16:20:01,gpu45,1,23,31.0,1453.255760493438,0.0,64.7965,122809.3828125
